Name,Type,Base Level,Level,Total RSS Requirements,Parsteel,Tritanium,Dilithium,2G Com R Ore,2G Com R Crs,2G Com R Gas,2G UnC R Ore,2G UnC R Crs,2G UnC R Gas,3G Com R Ore,3G Com R Crs,3G Com R Gas,3G UnC R Ore,3G UnC R Crs,3G UnC R Gas,3G Rare R Ore,3G Rare R Crs,3G Rare R Gas,4G Com R Ore,4G Com R Crs,4G Com R Gas,4G UnC R Ore,4G UnC R Crs,4G UnC R Gas,4G Rare R Ore,4G Rare R Crs,4G Rare R Gas,4G Rare R Gas
Assembly Line,Station,9,1,225,,,225,,,,,,,,,,,,,,,,,,,,,,,,,
Assembly Line,Station,10,2,329,,,329,,,,,,,,,,,,,,,,,,,,,,,,,
Assembly Line,Station,9,3,543,,,543,,,,,,,,,,,,,,,,,,,,,,,,,
Assembly Line,Station,13,4,"1,061",,,"1,061",,,,,,,,,,,,,,,,,,,,,,,,,
Assembly Line,Station,17,5,"1,541",,,"1,541",,,,,,,,,,,,,,,,,,,,,,,,,
Assembly Line,Station,18,6,"4,041",,,"4,041",,,,,,,,,,,,,,,,,,,,,,,,,
Assembly Line,Station,19,7,"7,000",,,"7,000",,,,,,,,,,,,,,,,,,,,,,,,,
Assembly Line,Station,20,8,"11,900",,,"11,900",,,,,,,,,,,,,,,,,,,,,,,,,
Assembly Line,Station,22,9,"29,100",,,"29,100",,,,,,,,,,,,,,,,,,,,,,,,,
Assembly Line,Station,24,10,"72,290",,,"72,200",,,,,,,,,90,,,,,,,,,,,,,,,,
Assembly Line,Station,27,11,"261,690",,,"261,100",,,,,,,,,490,,,100,,,,,,,,,,,,,
Assembly Line,Station,,12,-,,,,,,,,,,,,,,,,,,,,,,,,,,,,
Assembly Line,Station,,13,-,,,,,,,,,,,,,,,,,,,,,,,,,,,,
Assembly Line,Station,,14,-,,,,,,,,,,,,,,,,,,,,,,,,,,,,
Assembly Line,Station,,15,-,,,,,,,,,,,,,,,,,,,,,,,,,,,,
Battle Tactics,Combat,5,1,15,,,15,,,,,,,,,,,,,,,,,,,,,,,,,
Battle Tactics,Combat,5,2,50,,,50,,,,,,,,,,,,,,,,,,,,,,,,,
Battle Tactics,Combat,8,3,105,,,105,,,,,,,,,,,,,,,,,,,,,,,,,
Battle Tactics,Combat,10,4,195,,,195,,,,,,,,,,,,,,,,,,,,,,,,,
Battle Tactics,Combat,11,5,474,,,474,,,,,,,,,,,,,,,,,,,,,,,,,
Battleship Firepower,Combat,25,1,"106,640",,"30,500","76,000",,,,,,,120,,,20,,,,,,,,,,,,,,,
Battleship Firepower,Combat,26,2,"168,873",,"48,200","120,500",,,,,,,150,,,23,,,,,,,,,,,,,,,
Battleship Firepower,Combat,27,3,"371,705",,"106,100","265,400",,,,,,,180,,,25,,,,,,,,,,,,,,,
Battleship Firepower,Combat,28,4,-,,,,,,,,,,,,,,,,,,,,,,,,,,,,
Battleship Firepower,Combat,,5,-,,,,,,,,,,,,,,,,,,,,,,,,,,,,
Battleship Firepower,Combat,,6,-,,,,,,,,,,,,,,,,,,,,,,,,,,,,
Battleship Firepower,Combat,,7,-,,,,,,,,,,,,,,,,,,,,,,,,,,,,
Battleship Firepower,Combat,,8,-,,,,,,,,,,,,,,,,,,,,,,,,,,,,
Battleship Firepower,Combat,,9,-,,,,,,,,,,,,,,,,,,,,,,,,,,,,
Battleship Firepower,Combat,,10,-,,,,,,,,,,,,,,,,,,,,,,,,,,,,
Battleship Hull Boost,Combat,24,1,"78,315",,"48,900","29,300",,,,,,,100,,,15,,,,,,,,,,,,,,,
Battleship Hull Boost,Combat,25,2,"121,633",,"76,000","45,500",,,,,,,115,,,18,,,,,,,,,,,,,,,
Battleship Hull Boost,Combat,26,3,"448,145",,"280,000","168,000",,,,,,,125,,,20,,,,,,,,,,,,,,,
Battleship Hull Boost,Combat,27,4,"655,959",,"409,900","245,900",,,,,,,135,,,24,,,,,,,,,,,,,,,
Battleship Hull Boost,Combat,28,5,-,,,,,,,,,,,,,,,,,,,,,,,,,,,,
Battleship Hull Boost,Combat,,6,-,,,,,,,,,,,,,,,,,,,,,,,,,,,,
Battleship Hull Boost,Combat,,7,-,,,,,,,,,,,,,,,,,,,,,,,,,,,,
Battleship Hull Boost,Combat,,8,-,,,,,,,,,,,,,,,,,,,,,,,,,,,,
Battleship Hull Boost,Combat,,9,-,,,,,,,,,,,,,,,,,,,,,,,,,,,,
Battleship Hull Boost,Combat,,10,-,,,,,,,,,,,,,,,,,,,,,,,,,,,,
Battleship Peneration,Combat,25,1,"110,140",,"47,100","62,900",,,,,,,120,,,20,,,,,,,,,,,,,,,
Battleship Peneration,Combat,26,2,"172,473",,"73,900","98,400",,,,,,,150,,,23,,,,,,,,,,,,,,,
Battleship Peneration,Combat,27,3,-,,,,,,,,,,,,,,,,,,,,,,,,,,,,
Battleship Peneration,Combat,28,4,-,,,,,,,,,,,,,,,,,,,,,,,,,,,,
Battleship Peneration,Combat,,5,-,,,,,,,,,,,,,,,,,,,,,,,,,,,,
Battleship Peneration,Combat,,6,-,,,,,,,,,,,,,,,,,,,,,,,,,,,,
Battleship Peneration,Combat,,7,-,,,,,,,,,,,,,,,,,,,,,,,,,,,,
Battleship Peneration,Combat,,8,-,,,,,,,,,,,,,,,,,,,,,,,,,,,,
Battleship Peneration,Combat,,9,-,,,,,,,,,,,,,,,,,,,,,,,,,,,,
Battleship Peneration,Combat,,10,-,,,,,,,,,,,,,,,,,,,,,,,,,,,,
Battleship Repairs,Station,13,1,"10,112","8,120",,"1,992",,,,,,,,,,,,,,,,,,,,,,,,,
Battleship Repairs,Station,14,2,"15,051","12,100",,"2,951",,,,,,,,,,,,,,,,,,,,,,,,,
Battleship Repairs,Station,14,3,"34,917","28,000",,"6,917",,,,,,,,,,,,,,,,,,,,,,,,,
Battleship Repairs,Station,14,4,"50,325","40,400",,"9,925",,,,,,,,,,,,,,,,,,,,,,,,,
Battleship Repairs,Station,14,5,"115,500","92,800",,"22,700",,,,,,,,,,,,,,,,,,,,,,,,,
Battleship Repairs,Station,14,6,-,,,,,,,,,,,,,,,,,,,,,,,,,,,,
Battleship Repairs,Station,14,7,-,,,,,,,,,,,,,,,,,,,,,,,,,,,,
Battleship Repairs,Station,14,8,"651,110","635,400",,"15,540",,,,,,,140,,,30,,,,,,,,,,,,,,,
Battleship Shields,Combat,24,1,"78,315",,"48,900","29,300",,,,,,,100,,,15,,,,,,,,,,,,,,,
Battleship Shields,Combat,25,2,"124,063",,"77,500","46,400",,,,,,,145,,,18,,,,,,,,,,,,,,,
Battleship Shields,Combat,26,3,"193,020",,"120,500","72,500",,,,,,,,,,20,,,,,,,,,,,,,,,
Battleship Shields,Combat,27,4,"278,309",,"173,900","104,200",,,,,,,185,,,24,,,,,,,,,,,,,,,
Battleship Shields,Combat,30,5,-,,,,,,,,,,,,,,,,,,,,,,,,,,,,
Battleship Shields,Combat,,6,-,,,,,,,,,,,,,,,,,,,,,,,,,,,,
Battleship Shields,Combat,,7,-,,,,,,,,,,,,,,,,,,,,,,,,,,,,
Battleship Shields,Combat,,8,-,,,,,,,,,,,,,,,,,,,,,,,,,,,,
Battleship Shields,Combat,,9,-,,,,,,,,,,,,,,,,,,,,,,,,,,,,
Battleship Shields,Combat,,10,-,,,,,,,,,,,,,,,,,,,,,,,,,,,,
Battleship Tactics,Combat,24,1,"63,750",,,"63,600",,,,,,,,120,,,30,,,,,,,,,,,,,,
Battleship Tactics,Combat,25,2,"100,700",,,"100,700",,,,,,,,,,,,,,,,,,,,,,,,,
Battleship Tactics,Combat,27,3,"226,000",,,"226,000",,,,,,,,,,,,,,,,,,,,,,,,,
Battleship Tactics,Combat,28,4,-,,,,,,,,,,,,,,,,,,,,,,,,,,,,
Battleship Tactics,Combat,,5,-,,,,,,,,,,,,,,,,,,,,,,,,,,,,
Battleship Tactics,Combat,,6,-,,,,,,,,,,,,,,,,,,,,,,,,,,,,
Battleship Tactics,Combat,,7,-,,,,,,,,,,,,,,,,,,,,,,,,,,,,
Battleship Tactics,Combat,,8,-,,,,,,,,,,,,,,,,,,,,,,,,,,,,
Battleship Tactics,Combat,,9,-,,,,,,,,,,,,,,,,,,,,,,,,,,,,
Battleship Tactics,Combat,,10,-,,,,,,,,,,,,,,,,,,,,,,,,,,,,
Battleship Weaponry,Combat,18,1,"3,666",,,"3,566",100,,,,,,,,,,,,,,,,,,,,,,,,
Battleship Weaponry,Combat,19,2,"4,774",,,"4,774",,,,,,,,,,,,,,,,,,,,,,,,,
Battleship Weaponry,Combat,20,3,"10,800",,,"10,800",,,,,,,,,,,,,,,,,,,,,,,,,
Battleship Weaponry,Combat,21,4,"16,300",,,"16,300",,,,,,,,,,,,,,,,,,,,,,,,,
Battleship Weaponry,Combat,22,5,"42,100",,,"42,100",,,,,,,,,,,,,,,,,,,,,,,,,
Battleship Weaponry,Combat,24,6,"62,640",,,"62,600",,,,,,,,40,,,,,,,,,,,,,,,,,
Battleship Weaponry,Combat,25,7,"162,680",,,"162,600",,,,,,,70,,,10,,,,,,,,,,,,,,,
Battleship Weaponry,Combat,26,8,"238,975",,,"238,500",,,,,,,400,,,75,,,,,,,,,,,,,,,
Battleships Focus,Station,26,1,"120,780",,,"120,500",,,,,,,,230,,,50,,,,,,,,,,,,,,
Battleships Focus,Station,27,2,"173,900",,,"173,900",,,,,,,,,,,,,,,,,,,,,,,,,
Battleships Focus,Station,,3,-,,,,,,,,,,,,,,,,,,,,,,,,,,,,
Battleships Focus,Station,,4,-,,,,,,,,,,,,,,,,,,,,,,,,,,,,
Battleships Focus,Station,,5,-,,,,,,,,,,,,,,,,,,,,,,,,,,,,
Battleships Focus,Station,,6,-,,,,,,,,,,,,,,,,,,,,,,,,,,,,
Battleships Focus,Station,,7,-,,,,,,,,,,,,,,,,,,,,,,,,,,,,
Battleships Focus,Station,,8,-,,,,,,,,,,,,,,,,,,,,,,,,,,,,
Battleships Focus,Station,,9,-,,,,,,,,,,,,,,,,,,,,,,,,,,,,
Battleships Focus,Station,,10,-,,,,,,,,,,,,,,,,,,,,,,,,,,,,
Building Efficiency,Station,,1,"73,675","59,100",,"11,500","3,000",,,75,,,,,,,,,,,,,,,,,,,,,
Building Efficiency,Station,21,2,"155,500","130,000",,"25,500",,,,,,,,,,,,,,,,,,,,,,,,,
Building Efficiency,Station,23,3,"378,750","316,500",,"62,000",,,,,,,250,,,,,,,,,,,,,,,,,,
Building Efficiency,Station,25,4,"946,340","790,800",,"155,100",,,,,,,350,,,90,,,,,,,,,,,,,,,
Building Efficiency,Station,27,5,"2,048,650","1,700,000",,"348,300",,,,,,,290,,,60,,,,,,,,,,,,,,,
Building Efficiency,Station,,6,-,,,,,,,,,,,,,,,,,,,,,,,,,,,,
Building Efficiency,Station,,7,-,,,,,,,,,,,,,,,,,,,,,,,,,,,,
Building Efficiency,Station,,8,-,,,,,,,,,,,,,,,,,,,,,,,,,,,,
Building Efficiency,Station,,9,-,,,,,,,,,,,,,,,,,,,,,,,,,,,,
Building Efficiency,Station,,10,-,,,,,,,,,,,,,,,,,,,,,,,,,,,,
Building Efficiency,Station,,11,-,,,,,,,,,,,,,,,,,,,,,,,,,,,,
Building Efficiency,Station,,12,-,,,,,,,,,,,,,,,,,,,,,,,,,,,,
Building Efficiency,Station,,13,-,,,,,,,,,,,,,,,,,,,,,,,,,,,,
Building Efficiency,Station,,14,-,,,,,,,,,,,,,,,,,,,,,,,,,,,,
Building Efficiency,Station,,15,-,,,,,,,,,,,,,,,,,,,,,,,,,,,,
Construction Speed,Station,4,1,490,460,,30,,,,,,,,,,,,,,,,,,,,,,,,,
Construction Speed,Station,7,2,850,770,,80,,,,,,,,,,,,,,,,,,,,,,,,,
Construction Speed,Station,9,3,"2,156","1,881",,275,,,,,,,,,,,,,,,,,,,,,,,,,
Construction Speed,Station,12,4,"4,431","3,707",,724,,,,,,,,,,,,,,,,,,,,,,,,,
Construction Speed,Station,12,5,"17,782","14,800",,"2,907",25,25,25,,,,,,,,,,,,,,,,,,,,,,
Construction Speed,Station,,6,"23,719","19,700",,"3,869",,,150,,,,,,,,,,,,,,,,,,,,,,
Construction Speed,Station,,7,"45,405","37,500",,"7,355",500,,,50,,,,,,,,,,,,,,,,,,,,,
Construction Speed,Station,18,8,"96,800","81,000",,"15,800",,,,,,,,,,,,,,,,,,,,,,,,,
Construction Speed,Station,,9,-,,,,,,,,,,,,,,,,,,,,,,,,,,,,
Construction Speed,Station,23,10,"395,550","330,700",,"64,800",,,,,,,,,50,,,,,,,,,,,,,,,,
Construction Speed,Station,26,11,"1,441,770","1,200,000",,"241,500",,,,,,,,,220,,,50,,,,,,,,,,,,,
Construction Speed,Station,29,12,-,,,,,,,,,,,,,,,,,,,,,,,,,,,,
Construction Speed,Station,,13,-,,,,,,,,,,,,,,,,,,,,,,,,,,,,
Construction Speed,Station,,14,-,,,,,,,,,,,,,,,,,,,,,,,,,,,,
Construction Speed,Station,,15,-,,,,,,,,,,,,,,,,,,,,,,,,,,,,
Critical Interceptor Hit,Combat,20,1,"18,501",,"5,301","13,200",,,,,,,,,,,,,,,,,,,,,,,,,
Critical Interceptor Hit,Combat,23,2,"25,933",,"7,433","18,500",,,,,,,,,,,,,,,,,,,,,,,,,
Critical Interceptor Hit,Combat,24,3,"69,600",,"19,900","49,700",,,,,,,,,,,,,,,,,,,,,,,,,
Critical Interceptor Hit,Combat,25,4,"108,600",,"31,100","77,500",,,,,,,,,,,,,,,,,,,,,,,,,
Critical Interceptor Hit,Combat,27,5,"371,500",,"106,100","265,400",,,,,,,,,,,,,,,,,,,,,,,,,
Critical Interceptor Hit,Combat,28,6,-,,,,,,,,,,,,,,,,,,,,,,,,,,,,
Critical Interceptor Hit,Combat,,7,-,,,,,,,,,,,,,,,,,,,,,,,,,,,,
Critical Interceptor Hit,Combat,,8,-,,,,,,,,,,,,,,,,,,,,,,,,,,,,
Critical Interceptor Hit,Combat,,9,-,,,,,,,,,,,,,,,,,,,,,,,,,,,,
Critical Interceptor Hit,Combat,,10,-,,,,,,,,,,,,,,,,,,,,,,,,,,,,
Defense Platform Hull,Station,,1,"9,967","7,883",,"1,934",,150,,,,,,,,,,,,,,,,,,,,,,,
Defense Platform Hull,Station,,2,"13,065","10,500",,"2,565",,,,,,,,,,,,,,,,,,,,,,,,,
Defense Platform Hull,Station,19,3,"29,323","23,500",,"5,823",,,,,,,,,,,,,,,,,,,,,,,,,
Defense Platform Hull,Station,,4,"40,252","32,300",,"7,952",,,,,,,,,,,,,,,,,,,,,,,,,
Defense Platform Hull,Station,22,5,"98,700","79,300",,"19,400",,,,,,,,,,,,,,,,,,,,,,,,,
Defense Platform Hull,Station,23,6,"157,700","126,700",,"31,000",,,,,,,,,,,,,,,,,,,,,,,,,
Defense Platform Hull,Station,25,7,"393,800","316,300",,"77,500",,,,,,,,,,,,,,,,,,,,,,,,,
Defense Platform Hull,Station,26,8,"613,000","492,500",,"120,500",,,,,,,,,,,,,,,,,,,,,,,,,
Defense Platform Shields,Station,,1,"7,370","5,926",,"1,444",,,,,,,,,,,,,,,,,,,,,,,,,
Defense Platform Shields,Station,,2,"9,817","7,883",,"1,934",,,,,,,,,,,,,,,,,,,,,,,,,
Defense Platform Shields,Station,,3,"18,677","15,000",,"3,677",,,,,,,,,,,,,,,,,,,,,,,,,
Defense Platform Shields,Station,,4,"29,323","23,500",,"5,823",,,,,,,,,,,,,,,,,,,,,,,,,
Defense Platform Shields,Station,21,5,"63,600","51,100",,"12,500",,,,,,,,,,,,,,,,,,,,,,,,,
Defense Platform Shields,Station,22,6,"98,700","79,300",,"19,400",,,,,,,,,,,,,,,,,,,,,,,,,
Defense Platform Shields,Station,24,7,"241,200","193,800",,"47,400",,,,,,,,,,,,,,,,,,,,,,,,,
Defense Platform Shields,Station,25,8,"393,800","316,300",,"77,500",,,,,,,,,,,,,,,,,,,,,,,,,
Defense Platforms,Station,13,1,"4,073","3,149",,924,,,,,,,,,,,,,,,,,,,,,,,,,
Defense Platforms,Station,17,2,-,,,,,,,,,,,,,,,,,,,,,,,,,,,,
Defense Platforms,Station,26,3,"1,061,750","820,000",,"241,500",,,,,,,,210,,,40,,,,,,,,,,,,,,
Defense Platforms,Station,36,4,-,,,,,,,,,,,,,,,,,,,,,,,,,,,,
Defense Platforms,Station,,5,-,,,,,,,,,,,,,,,,,,,,,,,,,,,,
Defense Strategy,Station,32,1,-,,,,,,,,,,,,,,,,,,,,,,,,,,,,
Defense Strategy,Station,,2,-,,,,,,,,,,,,,,,,,,,,,,,,,,,,
Defense Strategy,Station,,3,-,,,,,,,,,,,,,,,,,,,,,,,,,,,,
Defense Strategy,Station,,4,-,,,,,,,,,,,,,,,,,,,,,,,,,,,,
Defense Strategy,Station,,5,-,,,,,,,,,,,,,,,,,,,,,,,,,,,,
Defense Strategy,Station,,6,-,,,,,,,,,,,,,,,,,,,,,,,,,,,,
Defense Strategy,Station,,7,-,,,,,,,,,,,,,,,,,,,,,,,,,,,,
Defense Strategy,Station,,8,-,,,,,,,,,,,,,,,,,,,,,,,,,,,,
Defense Strategy,Station,,9,-,,,,,,,,,,,,,,,,,,,,,,,,,,,,
Defense Strategy,Station,,10,-,,,,,,,,,,,,,,,,,,,,,,,,,,,,
Defense Tactics,Combat,5,1,25,,20,5,,,,,,,,,,,,,,,,,,,,,,,,,
Defense Tactics,Combat,5,2,60,,40,20,,,,,,,,,,,,,,,,,,,,,,,,,
Defense Tactics,Combat,8,3,190,,120,70,,,,,,,,,,,,,,,,,,,,,,,,,
Defense Tactics,Combat,8,4,280,,160,120,,,,,,,,,,,,,,,,,,,,,,,,,
Defense Tactics,Combat,11,5,513,,224,289,,,,,,,,,,,,,,,,,,,,,,,,,
Defense Techonology,Station,,Max,"12,217","9,433",,"2,784",,,,,,,,,,,,,,,,,,,,,,,,,
Dilithium Accelerator,Station,28,1,"880,000","720,300",,"159,200",,,,,,,,410,,,90,,,,,,,,,,,,,,
Dilithium Accelerator,Station,,2,-,,,,,,,,,,,,,,,,,,,,,,,,,,,,
Dilithium Accelerator,Station,,3,-,,,,,,,,,,,,,,,,,,,,,,,,,,,,
Dilithium Accelerator,Station,,4,-,,,,,,,,,,,,,,,,,,,,,,,,,,,,
Dilithium Accelerator,Station,,5,-,,,,,,,,,,,,,,,,,,,,,,,,,,,,
Dilithium Accelerator,Station,,6,-,,,,,,,,,,,,,,,,,,,,,,,,,,,,
Dilithium Accelerator,Station,,7,-,,,,,,,,,,,,,,,,,,,,,,,,,,,,
Dilithium Accelerator,Station,,8,-,,,,,,,,,,,,,,,,,,,,,,,,,,,,
Dilithium Accelerator,Station,,9,-,,,,,,,,,,,,,,,,,,,,,,,,,,,,
Dilithium Accelerator,Station,,10,-,,,,,,,,,,,,,,,,,,,,,,,,,,,,
Dilithium Fusion,Station,10,1,851,719,,132,,,,,,,,,,,,,,,,,,,,,,,,,
Dilithium Fusion,Station,13,2,"2,480","2,036",,444,,,,,,,,,,,,,,,,,,,,,,,,,
Dilithium Fusion,Station,13,3,"2,441","2,004",,437,,,,,,,,,,,,,,,,,,,,,,,,,
Dilithium Fusion,Station,16,4,"3,399","2,782",,617,,,,,,,,,,,,,,,,,,,,,,,,,
Dilithium Fusion,Station,17,5,"8,939","7,329",,"1,610",,,,,,,,,,,,,,,,,,,,,,,,,
Dilithium Fusion,Station,18,6,"19,281","15,800",,"3,481",,,,,,,,,,,,,,,,,,,,,,,,,
Dilithium Fusion,Station,19,7,"22,367","18,000",,"4,367",,,,,,,,,,,,,,,,,,,,,,,,,
Dilithium Fusion,Station,20,8,"26,250","21,500",,"4,750",,,,,,,,,,,,,,,,,,,,,,,,,
Dilithium Holding,Station,30,1,-,,,,,,,,,,,,,,,,,,,,,,,,,,,,
Dilithium Holding,Station,,2,-,,,,,,,,,,,,,,,,,,,,,,,,,,,,
Dilithium Holding,Station,,3,-,,,,,,,,,,,,,,,,,,,,,,,,,,,,
Dilithium Holding,Station,,4,-,,,,,,,,,,,,,,,,,,,,,,,,,,,,
Dilithium Holding,Station,,5,-,,,,,,,,,,,,,,,,,,,,,,,,,,,,
Dilithium Holding,Station,,6,-,,,,,,,,,,,,,,,,,,,,,,,,,,,,
Dilithium Holding,Station,,7,-,,,,,,,,,,,,,,,,,,,,,,,,,,,,
Dilithium Holding,Station,,8,-,,,,,,,,,,,,,,,,,,,,,,,,,,,,
Dilithium Holding,Station,,9,-,,,,,,,,,,,,,,,,,,,,,,,,,,,,
Dilithium Holding,Station,,10,-,,,,,,,,,,,,,,,,,,,,,,,,,,,,
Dilithium Safeguard,Station,,1,"23,677","20,000",,"3,677",,,,,,,,,,,,,,,,,,,,,,,,,
Dilithium Safeguard,Station,,2,"17,745","15,000",,"2,745",,,,,,,,,,,,,,,,,,,,,,,,,
Dilithium Safeguard,Station,20,3,"50,952","43,000",,"7,952",,,,,,,,,,,,,,,,,,,,,,,,,
Dilithium Safeguard,Station,22,4,"79,200","67,000",,"12,200",,,,,,,,,,,,,,,,,,,,,,,,,
Dilithium Safeguard,Station,23,5,"196,800","166,300",,"30,500",,,,,,,,,,,,,,,,,,,,,,,,,
Dilithium Safeguard,Station,24,6,"310,200","262,100",,"48,100",,,,,,,,,,,,,,,,,,,,,,,,,
Dilithium Safeguard,Station,26,7,"775,500","655,000",,"120,500",,,,,,,,,,,,,,,,,,,,,,,,,
Dilithium Safeguard,Station,27,8,"1,183,500","1,000,000",,"183,500",,,,,,,,,,,,,,,,,,,,,,,,,
Dilithium Security,Station,32,1,-,,,,,,,,,,,,,,,,,,,,,,,,,,,,
Dilithium Security,Station,,2,-,,,,,,,,,,,,,,,,,,,,,,,,,,,,
Dilithium Security,Station,,3,-,,,,,,,,,,,,,,,,,,,,,,,,,,,,
Dilithium Security,Station,,4,-,,,,,,,,,,,,,,,,,,,,,,,,,,,,
Dilithium Security,Station,,5,-,,,,,,,,,,,,,,,,,,,,,,,,,,,,
Dilithium Security,Station,,6,-,,,,,,,,,,,,,,,,,,,,,,,,,,,,
Dilithium Security,Station,,7,-,,,,,,,,,,,,,,,,,,,,,,,,,,,,
Dilithium Security,Station,,8,-,,,,,,,,,,,,,,,,,,,,,,,,,,,,
Dilithium Security,Station,,9,-,,,,,,,,,,,,,,,,,,,,,,,,,,,,
Dilithium Security,Station,,10,-,,,,,,,,,,,,,,,,,,,,,,,,,,,,
Dilithium Stockpile,Station,31,1,-,,,,,,,,,,,,,,,,,,,,,,,,,,,,
Dilithium Stockpile,Station,,2,-,,,,,,,,,,,,,,,,,,,,,,,,,,,,
Dilithium Stockpile,Station,,3,-,,,,,,,,,,,,,,,,,,,,,,,,,,,,
Dilithium Stockpile,Station,,4,-,,,,,,,,,,,,,,,,,,,,,,,,,,,,
Dilithium Stockpile,Station,,5,-,,,,,,,,,,,,,,,,,,,,,,,,,,,,
Dilithium Stockpile,Station,,6,-,,,,,,,,,,,,,,,,,,,,,,,,,,,,
Dilithium Stockpile,Station,,7,-,,,,,,,,,,,,,,,,,,,,,,,,,,,,
Dilithium Stockpile,Station,,8,-,,,,,,,,,,,,,,,,,,,,,,,,,,,,
Dilithium Stockpile,Station,,9,-,,,,,,,,,,,,,,,,,,,,,,,,,,,,
Dilithium Stockpile,Station,,10,-,,,,,,,,,,,,,,,,,,,,,,,,,,,,
Dilithium Storage,Station,10,1,"1,237","1,070",,167,,,,,,,,,,,,,,,,,,,,,,,,,
Dilithium Storage,Station,13,2,"3,544","2,996",,548,,,,,,,,,,,,,,,,,,,,,,,,,
Dilithium Storage,Station,14,3,-,,,,,,,,,,,,,,,,,,,,,,,,,,,,
Dilithium Storage,Station,16,4,"8,951","7,552",,"1,399",,,,,,,,,,,,,,,,,,,,,,,,,
Dilithium Storage,Station,17,5,"13,021","11,000",,"2,021",,,,,,,,,,,,,,,,,,,,,,,,,
Dilithium Storage,Station,18,6,"27,867","23,500",,"4,367",,,,,,,,,,,,,,,,,,,,,,,,,
Dilithium Storage,Station,19,7,"33,100","28,300",,"4,800",,,,,,,,,,,,,,,,,,,,,,,,,
Dilithium Storage,Station,20,8,"38,264","32,300",,"5,964",,,,,,,,,,,,,,,,,,,,,,,,,
Energy Blast,Combat,,1,"1,886",,,"1,861",25,,,,,,,,,,,,,,,,,,,,,,,,
Energy Blast,Combat,,2,"2,413",,,"2,413",,,,,,,,,,,,,,,,,,,,,,,,,
Energy Blast,Combat,,3,"4,774",,,"4,774",,,,,,,,,,,,,,,,,,,,,,,,,
Energy Blast,Combat,,4,"7,532",,,"7,532",,,,,,,,,,,,,,,,,,,,,,,,,
Energy Blast,Combat,21,5,"16,300",,,"16,300",,,,,,,,,,,,,,,,,,,,,,,,,
Energy Blast,Combat,23,6,"25,200",,,"25,200",,,,,,,,,,,,,,,,,,,,,,,,,
Energy Blast,Combat,24,7,"62,680",,,"62,600",,,,,,,,80,,,,,,,,,,,,,,,,,
Energy Blast,Combat,26,8,"100,800",,,"100,700",,,,,,,,80,,,20,,,,,,,,,,,,,,
Evasive Interceptors,Combat,17,1,"2,769",,"1,168","1,551",,50,,,,,,,,,,,,,,,,,,,,,,,
Evasive Interceptors,Combat,17,2,"3,846",,"1,643","2,203",,,,,,,,,,,,,,,,,,,,,,,,,
Evasive Interceptors,Combat,,3,"8,101",,"3,481","4,620",,,,,,,,,,,,,,,,,,,,,,,,,
Evasive Interceptors,Combat,,4,"11,084",,"4,759","6,325",,,,,,,,,,,,,,,,,,,,,,,,,
Evasive Interceptors,Combat,22,5,"27,300",,"11,700","15,600",,,,,,,,,,,,,,,,,,,,,,,,,
Evasive Interceptors,Combat,23,6,"45,300",,"19,400","25,900",,,,,,,,,,,,,,,,,,,,,,,,,
Evasive Interceptors,Combat,25,7,"108,300",,"46,400","61,900",,,,,,,,,,,,,,,,,,,,,,,,,
Evasive Interceptors,Combat,26,8,"169,390",,"72,500","96,500",,,,,,,,320,,,70,,,,,,,,,,,,,,
Evasive Klingons,Combat,26,1,-,,,,,,,,,,,,,,,,,,,,,,,,,,,,
Evasive Klingons,Combat,27,2,-,,,,,,,,,,,,,,,,,,,,,,,,,,,,
Evasive Klingons,Combat,28,3,-,,,,,,,,,,,,,,,,,,,,,,,,,,,,
Evasive Klingons,Combat,29,4,-,,,,,,,,,,,,,,,,,,,,,,,,,,,,
Evasive Klingons,Combat,30,5,-,,,,,,,,,,,,,,,,,,,,,,,,,,,,
Evasive Klingons,Combat,31,6,-,,,,,,,,,,,,,,,,,,,,,,,,,,,,
Evasive Klingons,Combat,32,7,-,,,,,,,,,,,,,,,,,,,,,,,,,,,,
Evasive Klingons,Combat,33,8,-,,,,,,,,,,,,,,,,,,,,,,,,,,,,
Evasive Klingons,Combat,34,9,-,,,,,,,,,,,,,,,,,,,,,,,,,,,,
Evasive Klingons,Combat,35,10,-,,,,,,,,,,,,,,,,,,,,,,,,,,,,
Evasive Maneuvers,Combat,6,1,155,,120,35,,,,,,,,,,,,,,,,,,,,,,,,,
Evasive Maneuvers,Combat,10,2,438,,263,175,,,,,,,,,,,,,,,,,,,,,,,,,
Evasive Maneuvers,Combat,10,3,447,,268,179,,,,,,,,,,,,,,,,,,,,,,,,,
Evasive Maneuvers,Combat,,4,-,,,,,,,,,,,,,,,,,,,,,,,,,,,,
Evasive Maneuvers,Combat,14,5,"1,437",,617,820,,,,,,,,,,,,,,,,,,,,,,,,,
Exploit Weakpoints,Combat,10,1,607,,232,375,,,,,,,,,,,,,,,,,,,,,,,,,
Exploit Weakpoints,Combat,,2,"1,175",,375,800,,,,,,,,,,,,,,,,,,,,,,,,,
Exploit Weakpoints,Combat,,3,"1,429",,406,"1,023",,,,,,,,,,,,,,,,,,,,,,,,,
Exploit Weakpoints,Combat,,4,"3,846",,"1,101","2,745",,,,,,,,,,,,,,,,,,,,,,,,,
Exploit Weakpoints,Combat,,5,"5,161",,"1,484","3,677",,,,,,,,,,,,,,,,,,,,,,,,,
Exploit Weakpoints,Combat,,6,"11,708",,"3,354","8,354",,,,,,,,,,,,,,,,,,,,,,,,,
Exploit Weakpoints,Combat,,7,-,,,,,,,,,,,,,,,,,,,,,,,,,,,,
Exploit Weakpoints,Combat,21,8,"17,500",,"5,000","12,500",,,,,,,,,,,,,,,,,,,,,,,,,
Explorer Barriers,Combat,17,1,"2,769",,"1,168","1,551",,,50,,,,,,,,,,,,,,,,,,,,,,
Explorer Barriers,Combat,18,2,"3,846",,"1,643","2,203",,,,,,,,,,,,,,,,,,,,,,,,,
Explorer Barriers,Combat,20,3,"8,101",,"3,481","4,620",,,,,,,,,,,,,,,,,,,,,,,,,
Explorer Barriers,Combat,21,4,"11,084",,"4,759","6,325",,,,,,,,,,,,,,,,,,,,,,,,,
Explorer Barriers,Combat,23,5,"27,300",,"11,700","15,600",,,,,,,,,,,,,,,,,,,,,,,,,
Explorer Barriers,Combat,23,6,"43,300",,"18,500","24,800",,,,,,,,,,,,,,,,,,,,,,,,,
Explorer Barriers,Combat,25,7,"108,300",,"46,400","61,900",,,,,,,,,,,,,,,,,,,,,,,,,
Explorer Barriers,Combat,26,8,"169,410",,"72,500","96,500",,,,,,,,,340,,,70,,,,,,,,,,,,,
Explorer Firepower,Combat,23,1,"43,730",,"12,400","31,000",,,,,,,,,270,,,60,,,,,,,,,,,,,
Explorer Firepower,Combat,24,2,"68,500",,"19,600","48,900",,,,,,,,,,,,,,,,,,,,,,,,,
Explorer Firepower,Combat,25,3,"172,100",,"49,200","122,900",,,,,,,,,,,,,,,,,,,,,,,,,
Explorer Firepower,Combat,26,4,"257,000",,"73,500","183,500",,,,,,,,,,,,,,,,,,,,,,,,,
Explorer Firepower,Combat,,5,-,,,,,,,,,,,,,,,,,,,,,,,,,,,,
Explorer Firepower,Combat,,6,-,,,,,,,,,,,,,,,,,,,,,,,,,,,,
Explorer Firepower,Combat,,7,-,,,,,,,,,,,,,,,,,,,,,,,,,,,,
Explorer Firepower,Combat,,8,-,,,,,,,,,,,,,,,,,,,,,,,,,,,,
Explorer Firepower,Combat,,9,-,,,,,,,,,,,,,,,,,,,,,,,,,,,,
Explorer Firepower,Combat,,10,-,,,,,,,,,,,,,,,,,,,,,,,,,,,,
Explorer Hull Boost,Combat,22,1,"31,140",,"19,400","11,700",,,,,,,,,,,,40,,,,,,,,,,,,,
Explorer Hull Boost,Combat,23,2,"49,500",,"31,000","18,500",,,,,,,,,,,,,,,,,,,,,,,,,
Explorer Hull Boost,Combat,24,3,"196,800",,"122,900","73,900",,,,,,,,,,,,,,,,,,,,,,,,,
Explorer Hull Boost,Combat,25,4,"299,400",,"187,200","112,200",,,,,,,,,,,,,,,,,,,,,,,,,
Explorer Hull Boost,Combat,,5,-,,,,,,,,,,,,,,,,,,,,,,,,,,,,
Explorer Hull Boost,Combat,,6,-,,,,,,,,,,,,,,,,,,,,,,,,,,,,
Explorer Hull Boost,Combat,,7,-,,,,,,,,,,,,,,,,,,,,,,,,,,,,
Explorer Hull Boost,Combat,,8,-,,,,,,,,,,,,,,,,,,,,,,,,,,,,
Explorer Hull Boost,Combat,,9,-,,,,,,,,,,,,,,,,,,,,,,,,,,,,
Explorer Hull Boost,Combat,,10,-,,,,,,,,,,,,,,,,,,,,,,,,,,,,
Explorer Repairs,Station,13,1,"5,236","4,198",,"1,038",,,,,,,,,,,,,,,,,,,,,,,,,
Explorer Repairs,Station,14,2,"7,481","6,015",,"1,466",,,,,,,,,,,,,,,,,,,,,,,,,
Explorer Repairs,Station,14,3,"15,051","12,100",,"2,951",,,,,,,,,,,,,,,,,,,,,,,,,
Explorer Repairs,Station,14,4,"21,686","17,400",,"4,286",,,,,,,,,,,,,,,,,,,,,,,,,
Explorer Repairs,Station,14,5,"50,325","40,400",,"9,925",,,,,,,,,,,,,,,,,,,,,,,,,
Explorer Repairs,Station,14,6,"84,100","67,600",,"16,500",,,,,,,,,,,,,,,,,,,,,,,,,
Explorer Repairs,Station,14,7,-,,,,,,,,,,,,,,,,,,,,,,,,,,,,
Explorer Repairs,Station,14,8,-,,,,,,,,,,,,,,,,,,,,,,,,,,,,
Explorer Shields,Combat,23,1,"29,715",,"18,500","11,200",,,,,,,,,15,,,,,,,,,,,,,,,,
Explorer Shields,Combat,23,2,"49,518",,"31,000","18,500",,,,,,,,,18,,,,,,,,,,,,,,,,
Explorer Shields,Combat,24,3,"75,821",,"47,400","28,400",,,,,,,,,21,,,,,,,,,,,,,,,,
Explorer Shields,Combat,25,4,"106,425",,"60,000","46,400",,,,,,,,,25,,,,,,,,,,,,,,,,
Explorer Shields,Combat,28,5,-,,,,,,,,,,,,,,,,,,,,,,,,,,,,
Explorer Shields,Combat,,6,-,,,,,,,,,,,,,,,,,,,,,,,,,,,,
Explorer Shields,Combat,,7,-,,,,,,,,,,,,,,,,,,,,,,,,,,,,
Explorer Shields,Combat,,8,-,,,,,,,,,,,,,,,,,,,,,,,,,,,,
Explorer Shields,Combat,,9,-,,,,,,,,,,,,,,,,,,,,,,,,,,,,
Explorer Shields,Combat,,10,-,,,,,,,,,,,,,,,,,,,,,,,,,,,,
Explorer Tactics,Combat,22,1,"25,240",,,"25,200",,,,,,,,,,,,40,,,,,,,,,,,,,
Explorer Tactics,Combat,23,2,"40,300",,,"40,300",,,,,,,,,,,,,,,,,,,,,,,,,
Explorer Tactics,Combat,25,3,"100,820",,,"100,700",,,,,,,,120,,,,,,,,,,,,,,,,,
Explorer Tactics,Combat,26,4,"157,000",,,"157,000",,,,,,,,,,,,,,,,,,,,,,,,,
Explorer Tactics,Combat,,5,-,,,,,,,,,,,,,,,,,,,,,,,,,,,,
Explorer Tactics,Combat,,6,-,,,,,,,,,,,,,,,,,,,,,,,,,,,,
Explorer Tactics,Combat,,7,-,,,,,,,,,,,,,,,,,,,,,,,,,,,,
Explorer Tactics,Combat,,8,-,,,,,,,,,,,,,,,,,,,,,,,,,,,,
Explorer Tactics,Combat,,9,-,,,,,,,,,,,,,,,,,,,,,,,,,,,,
Explorer Tactics,Combat,,10,-,,,,,,,,,,,,,,,,,,,,,,,,,,,,
Explorer Targeting Array,Combat,22,1,"45,620",,"19,400","25,900",,,,,,,,,260,,,60,,,,,,,,,,,,,
Explorer Targeting Array,Combat,23,2,"68,500",,"29,300","39,200",,,,,,,,,,,,,,,,,,,,,,,,,
Explorer Targeting Array,Combat,25,3,"111,100",,"49,200","61,900",,,,,,,,,,,,,,,,,,,,,,,,,
Explorer Targeting Array,Combat,26,4,"169,000",,"72,500","96,500",,,,,,,,,,,,,,,,,,,,,,,,,
Explorer Targeting Array,Combat,,5,-,,,,,,,,,,,,,,,,,,,,,,,,,,,,
Explorer Targeting Array,Combat,,6,-,,,,,,,,,,,,,,,,,,,,,,,,,,,,
Explorer Targeting Array,Combat,,7,-,,,,,,,,,,,,,,,,,,,,,,,,,,,,
Explorer Targeting Array,Combat,,8,-,,,,,,,,,,,,,,,,,,,,,,,,,,,,
Explorer Targeting Array,Combat,,9,-,,,,,,,,,,,,,,,,,,,,,,,,,,,,
Explorer Targeting Array,Combat,,10,-,,,,,,,,,,,,,,,,,,,,,,,,,,,,
Explorer Weaponry,Combat,18,1,"3,666",,,"3,566",,,100,,,,,,,,,,,,,,,,,,,,,,
Explorer Weaponry,Combat,,2,"4,774",,,"4,774",,,,,,,,,,,,,,,,,,,,,,,,,
Explorer Weaponry,Combat,20,3,"10,800",,,"10,800",,,,,,,,,,,,,,,,,,,,,,,,,
Explorer Weaponry,Combat,21,4,"16,300",,,"16,300",,,,,,,,,,,,,,,,,,,,,,,,,
Explorer Weaponry,Combat,22,5,"42,100",,,"42,100",,,,,,,,,,,,,,,,,,,,,,,,,
Explorer Weaponry,Combat,24,6,"62,640",,,"62,600",,,,,,,,,40,,,,,,,,,,,,,,,,
Explorer Weaponry,Combat,25,7,"160,280",,,"160,200",,,,,,,,,70,,,10,,,,,,,,,,,,,
Explorer Weaponry,Combat,25,8,"243,779",4,,"243,300",,,,,,,,,400,,,75,,,,,,,,,,,,,
Explorers Focus,Station,26,1,"120,780",,,"120,500",,,,,,,230,,,50,,,,,,,,,,,,,,,
Explorers Focus,Station,27,2,"173,900",,,"173,900",,,,,,,,,,,,,,,,,,,,,,,,,
Explorers Focus,Station,,3,-,,,,,,,,,,,,,,,,,,,,,,,,,,,,
Explorers Focus,Station,,4,-,,,,,,,,,,,,,,,,,,,,,,,,,,,,
Explorers Focus,Station,,5,-,,,,,,,,,,,,,,,,,,,,,,,,,,,,
Explorers Focus,Station,,6,-,,,,,,,,,,,,,,,,,,,,,,,,,,,,
Explorers Focus,Station,,7,-,,,,,,,,,,,,,,,,,,,,,,,,,,,,
Explorers Focus,Station,,8,-,,,,,,,,,,,,,,,,,,,,,,,,,,,,
Explorers Focus,Station,,9,-,,,,,,,,,,,,,,,,,,,,,,,,,,,,
Explorers Focus,Station,,10,-,,,,,,,,,,,,,,,,,,,,,,,,,,,,
Federation Firepower,Combat,34,1,-,,,,,,,,,,,,,,,,,,,,,,,,,,,,
Federation Firepower,Combat,50,2,-,,,,,,,,,,,,,,,,,,,,,,,,,,,,
Federation Firepower,Combat,50,3,-,,,,,,,,,,,,,,,,,,,,,,,,,,,,
Federation Firepower,Combat,50,4,-,,,,,,,,,,,,,,,,,,,,,,,,,,,,
Federation Firepower,Combat,50,5,-,,,,,,,,,,,,,,,,,,,,,,,,,,,,
Federation Repair Costs,Station,30,1,-,,,,,,,,,,,,,,,,,,,,,,,,,,,,
Federation Repair Costs,Station,,2,-,,,,,,,,,,,,,,,,,,,,,,,,,,,,
Federation Repair Costs,Station,,3,-,,,,,,,,,,,,,,,,,,,,,,,,,,,,
Federation Repair Costs,Station,,4,-,,,,,,,,,,,,,,,,,,,,,,,,,,,,
Federation Repair Costs,Station,,5,-,,,,,,,,,,,,,,,,,,,,,,,,,,,,
Federation Repair Costs,Station,,6,-,,,,,,,,,,,,,,,,,,,,,,,,,,,,
Federation Repair Costs,Station,,7,-,,,,,,,,,,,,,,,,,,,,,,,,,,,,
Federation Repair Costs,Station,,8,-,,,,,,,,,,,,,,,,,,,,,,,,,,,,
Federation Repair Costs,Station,,9,-,,,,,,,,,,,,,,,,,,,,,,,,,,,,
Federation Repair Costs,Station,,10,-,,,,,,,,,,,,,,,,,,,,,,,,,,,,
Federation Repair Speed,Station,35,1,-,,,,,,,,,,,,,,,,,,,,,,,,,,,,
Federation Repair Speed,Station,,2,-,,,,,,,,,,,,,,,,,,,,,,,,,,,,
Federation Repair Speed,Station,,3,-,,,,,,,,,,,,,,,,,,,,,,,,,,,,
Federation Repair Speed,Station,,4,-,,,,,,,,,,,,,,,,,,,,,,,,,,,,
Federation Repair Speed,Station,,5,-,,,,,,,,,,,,,,,,,,,,,,,,,,,,
Federation Repair Speed,Station,,6,-,,,,,,,,,,,,,,,,,,,,,,,,,,,,
Federation Repair Speed,Station,,7,-,,,,,,,,,,,,,,,,,,,,,,,,,,,,
Federation Repair Speed,Station,,8,-,,,,,,,,,,,,,,,,,,,,,,,,,,,,
Federation Repair Speed,Station,,9,-,,,,,,,,,,,,,,,,,,,,,,,,,,,,
Federation Repair Speed,Station,,10,-,,,,,,,,,,,,,,,,,,,,,,,,,,,,
Federation Ship Structure,Station,25,1,"394,050","316,300",,"77,500",,,,,,,,,210,,,40,,,,,,,,,,,,,
Federation Ship Structure,Station,27,2,"884,920","710,900",,"173,900",,,,,,,,,100,,,20,,,,,,,,,,,,,
Federation Ship Structure,Station,,3,-,,,,,,,,,,,,,,,,,,,,,,,,,,,,
Federation Ship Structure,Station,,4,-,,,,,,,,,,,,,,,,,,,,,,,,,,,,
Federation Ship Structure,Station,,5,-,,,,,,,,,,,,,,,,,,,,,,,,,,,,
Federation Ship Structure,Station,,6,-,,,,,,,,,,,,,,,,,,,,,,,,,,,,
Federation Ship Structure,Station,,7,-,,,,,,,,,,,,,,,,,,,,,,,,,,,,
Federation Ship Structure,Station,,8,-,,,,,,,,,,,,,,,,,,,,,,,,,,,,
Federation Ship Structure,Station,,9,-,,,,,,,,,,,,,,,,,,,,,,,,,,,,
Federation Ship Structure,Station,,10,-,,,,,,,,,,,,,,,,,,,,,,,,,,,,
Federation Weakpoints,Combat,28,1,-,,,,,,,,,,,,,,,,,,,,,,,,,,,,
Federation Weakpoints,Combat,,2,-,,,,,,,,,,,,,,,,,,,,,,,,,,,,
Federation Weakpoints,Combat,,3,-,,,,,,,,,,,,,,,,,,,,,,,,,,,,
Federation Weakpoints,Combat,,4,-,,,,,,,,,,,,,,,,,,,,,,,,,,,,
Federation Weakpoints,Combat,,5,-,,,,,,,,,,,,,,,,,,,,,,,,,,,,
Federation Weakpoints,Combat,,6,-,,,,,,,,,,,,,,,,,,,,,,,,,,,,
Federation Weakpoints,Combat,,7,-,,,,,,,,,,,,,,,,,,,,,,,,,,,,
Federation Weakpoints,Combat,,8,-,,,,,,,,,,,,,,,,,,,,,,,,,,,,
Federation Weakpoints,Combat,,9,-,,,,,,,,,,,,,,,,,,,,,,,,,,,,
Federation Weakpoints,Combat,,10,-,,,,,,,,,,,,,,,,,,,,,,,,,,,,
Fleet Commander,Station,5,1,325,305,,20,,,,,,,,,,,,,,,,,,,,,,,,,
Fleet Commander,Station,17,2,"25,266","19,500",,"5,766",,,,,,,,,,,,,,,,,,,,,,,,,
Fleet Commander,Station,28,3,"2,330,960","1,800,000",,"530,800",,,,,,,,160,,,,,,,,,,,,,,,,,
Fleet Commander,Station,,4,-,,,,,,,,,,,,,,,,,,,,,,,,,,,,
Fleet Commander,Station,,5,-,,,,,,,,,,,,,,,,,,,,,,,,,,,,
Fortified Battleships,Combat,17,1,"3,645",,"1,536","2,059",50,,,,,,,,,,,,,,,,,,,,,,,,
Fortified Battleships,Combat,17,2,"3,846",,"1,643","2,203",,,,,,,,,,,,,,,,,,,,,,,,,
Fortified Battleships,Combat,20,3,"8,101",,"3,481","4,620",,,,,,,,,,,,,,,,,,,,,,,,,
Fortified Battleships,Combat,22,4,"11,084",,"4,759","6,325",,,,,,,,,,,,,,,,,,,,,,,,,
Fortified Battleships,Combat,23,5,"27,300",,"11,700","15,600",,,,,,,,,,,,,,,,,,,,,,,,,
Fortified Battleships,Combat,24,6,"43,300",,"18,500","24,800",,,,,,,,,,,,,,,,,,,,,,,,,
Fortified Battleships,Combat,25,7,"108,300",,"46,400","61,900",,,,,,,,,,,,,,,,,,,,,,,,,
Fortified Battleships,Combat,26,8,"169,400",,"72,500","96,500",,,,,,,330,,,70,,,,,,,,,,,,,,,
Fortified Romulans,Combat,26,1,"217,270",,"96,500","120,500",,,,,,,220,,,50,,,,,,,,,,,,,,,
Fortified Romulans,Combat,,2,-,,,,,,,,,,,,,,,,,,,,,,,,,,,,
Fortified Romulans,Combat,,3,-,,,,,,,,,,,,,,,,,,,,,,,,,,,,
Fortified Romulans,Combat,,4,-,,,,,,,,,,,,,,,,,,,,,,,,,,,,
Fortified Romulans,Combat,,5,-,,,,,,,,,,,,,,,,,,,,,,,,,,,,
Fortified Romulans,Combat,,6,-,,,,,,,,,,,,,,,,,,,,,,,,,,,,
Fortified Romulans,Combat,,7,-,,,,,,,,,,,,,,,,,,,,,,,,,,,,
Fortified Romulans,Combat,,8,-,,,,,,,,,,,,,,,,,,,,,,,,,,,,
Fortified Romulans,Combat,,9,-,,,,,,,,,,,,,,,,,,,,,,,,,,,,
Fortified Romulans,Combat,,10,-,,,,,,,,,,,,,,,,,,,,,,,,,,,,
Grade 2 Ship Research,Combat,9,Max,"4,615",,,"4,615",,,,,,,,,,,,,,,,,,,,,,,,,
Grade 3 Ship Research,Combat,19,Max,"11,796",,,"8,671","3,000",,,125,,,,,,,,,,,,,,,,,,,,,
Grade 4 Ship Research,Combat,39,Max,-,,,,,,,,,,,,,,,,,,,,,,,,,,,,
Hull Density,Combat,5,1,5,,,5,,,,,,,,,,,,,,,,,,,,,,,,,
Hull Density,Combat,5,2,115,,100,15,,,,,,,,,,,,,,,,,,,,,,,,,
Hull Density,Combat,7,3,350,,300,50,,,,,,,,,,,,,,,,,,,,,,,,,
Hull Density,Combat,7,4,490,,400,90,,,,,,,,,,,,,,,,,,,,,,,,,
Hull Density,Combat,9,5,803,,580,223,,,,,,,,,,,,,,,,,,,,,,,,,
Hull Density,Combat,11,6,"1,231",,794,437,,,,,,,,,,,,,,,,,,,,,,,,,
Hull Density,Combat,,7,"2,277",,"1,423",854,,,,,,,,,,,,,,,,,,,,,,,,,
Hull Density,Combat,,8,"4,101",,"2,565","1,536",,,,,,,,,,,,,,,,,,,,,,,,,
Hull Density,Combat,17,9,"6,950",,"4,000","2,500",,400,,,50,,,,,,,,,,,,,,,,,,,,
Hull Density,Combat,,10,"13,404",,"5,823","3,481",,"4,000",,,100,,,,,,,,,,,,,,,,,,,,
Interceptor Armor Piercing,Combat,,1,"18,552",,"7,952","10,600",,,,,,,,,,,,,,,,,,,,,,,,,
Interceptor Armor Piercing,Combat,23,2,"26,100",,"11,200","14,900",,,,,,,,,,,,,,,,,,,,,,,,,
Interceptor Armor Piercing,Combat,24,3,"43,300",,"18,500","24,800",,,,,,,,,,,,,,,,,,,,,,,,,
Interceptor Armor Piercing,Combat,25,4,"66,400",,"28,400","38,000",,,,,,,,,,,,,,,,,,,,,,,,,
Interceptor Armor Piercing,Combat,27,5,"243,500",,"104,200","139,300",,,,,,,,,,,,,,,,,,,,,,,,,
Interceptor Armor Piercing,Combat,28,6,-,,,,,,,,,,,,,,,,,,,,,,,,,,,,
Interceptor Armor Piercing,Combat,,7,-,,,,,,,,,,,,,,,,,,,,,,,,,,,,
Interceptor Armor Piercing,Combat,,8,-,,,,,,,,,,,,,,,,,,,,,,,,,,,,
Interceptor Armor Piercing,Combat,,9,-,,,,,,,,,,,,,,,,,,,,,,,,,,,,
Interceptor Armor Piercing,Combat,,10,-,,,,,,,,,,,,,,,,,,,,,,,,,,,,
Interceptor Focus,Station,26,1,"120,800",,,"120,500",,,,,,,,,250,,,50,,,,,,,,,,,,,
Interceptor Focus,Station,27,2,"173,900",,,"173,900",,,,,,,,,,,,,,,,,,,,,,,,,
Interceptor Focus,Station,,3,-,,,,,,,,,,,,,,,,,,,,,,,,,,,,
Interceptor Focus,Station,,4,-,,,,,,,,,,,,,,,,,,,,,,,,,,,,
Interceptor Focus,Station,,5,-,,,,,,,,,,,,,,,,,,,,,,,,,,,,
Interceptor Focus,Station,,6,-,,,,,,,,,,,,,,,,,,,,,,,,,,,,
Interceptor Focus,Station,,7,-,,,,,,,,,,,,,,,,,,,,,,,,,,,,
Interceptor Focus,Station,,8,-,,,,,,,,,,,,,,,,,,,,,,,,,,,,
Interceptor Focus,Station,,9,-,,,,,,,,,,,,,,,,,,,,,,,,,,,,
Interceptor Focus,Station,,10,-,,,,,,,,,,,,,,,,,,,,,,,,,,,,
Interceptor Hull Boast,Combat,,1,"12,711",,"7,952","4,759",,,,,,,,,,,,,,,,,,,,,,,,,
Interceptor Hull Boast,Combat,,2,"20,000",,"12,500","7,500",,,,,,,,,,,,,,,,,,,,,,,,,
Interceptor Hull Boast,Combat,23,3,"79,500",,"49,700","29,800",,,,,,,,,,,,,,,,,,,,,,,,,
Interceptor Hull Boast,Combat,25,4,"127,800",,"80,000","47,800",,,,,,,,,,,,,,,,,,,,,,,,,
Interceptor Hull Boast,Combat,26,5,"448,000",,"280,000","168,000",,,,,,,,,,,,,,,,,,,,,,,,,
Interceptor Hull Boast,Combat,27,6,"655,800",,"409,900","245,900",,,,,,,,,,,,,,,,,,,,,,,,,
Interceptor Hull Boast,Combat,,7,-,,,,,,,,,,,,,,,,,,,,,,,,,,,,
Interceptor Hull Boast,Combat,,8,-,,,,,,,,,,,,,,,,,,,,,,,,,,,,
Interceptor Hull Boast,Combat,,9,-,,,,,,,,,,,,,,,,,,,,,,,,,,,,
Interceptor Hull Boast,Combat,,10,-,,,,,,,,,,,,,,,,,,,,,,,,,,,,
Interceptor Repairs,Station,13,1,"2,355","1,889",,466,,,,,,,,,,,,,,,,,,,,,,,,,
Interceptor Repairs,Station,14,2,"3,584","2,882",,702,,,,,,,,,,,,,,,,,,,,,,,,,
Interceptor Repairs,Station,14,3,"7,481","6,015",,"1,466",,,,,,,,,,,,,,,,,,,,,,,,,
Interceptor Repairs,Station,14,4,"10,112","8,120",,"1,992",,,,,,,,,,,,,,,,,,,,,,,,,
Interceptor Repairs,Station,14,5,"21,686","17,400",,"4,286",,,,,,,,,,,,,,,,,,,,,,,,,
Interceptor Repairs,Station,14,6,-,,,,,,,,,,,,,,,,,,,,,,,,,,,,
Interceptor Repairs,Station,14,7,"73,100","58,800",,"14,300",,,,,,,,,,,,,,,,,,,,,,,,,
Interceptor Repairs,Station,14,8,"115,500","92,800",,"22,700",,,,,,,,,,,,,,,,,,,,,,,,,
Interceptor Shields,Combat,,1,"12,711","7,952","4,759",,,,,,,,,,,,,,,,,,,,,,,,,,
Interceptor Shields,Combat,,2,"20,000","12,500","7,500",,,,,,,,,,,,,,,,,,,,,,,,,,
Interceptor Shields,Combat,23,3,"31,100","19,400","11,700",,,,,,,,,,,,,,,,,,,,,,,,,,
Interceptor Shields,Combat,23,4,"48,700","30,500","18,200",,,,,,,,,,,,,,,,,,,,,,,,,,
Interceptor Shields,Combat,26,5,"193,000","120,500","72,500",,,,,,,,,,,,,,,,,,,,,,,,,,
Interceptor Shields,Combat,27,6,"278,100","173,900","104,200",,,,,,,,,,,,,,,,,,,,,,,,,,
Interceptor Shields,Combat,31,7,-,,,,,,,,,,,,,,,,,,,,,,,,,,,,
Interceptor Shields,Combat,,8,-,,,,,,,,,,,,,,,,,,,,,,,,,,,,
Interceptor Shields,Combat,,9,-,,,,,,,,,,,,,,,,,,,,,,,,,,,,
Interceptor Shields,Combat,,10,-,,,,,,,,,,,,,,,,,,,,,,,,,,,,
Interceptor Tactics,Combat,,1,"10,300",,"10,300",,,,,,,,,,,,,,,,,,,,,,,,,,
Interceptor Tactics,Combat,23,2,"15,300",,"15,300",,,,,,,,,,,,,,,,,,,,,,,,,,
Interceptor Tactics,Combat,24,3,"40,300",,"40,300",,,,,,,,,,,,,,,,,,,,,,,,,,
Interceptor Tactics,Combat,25,4,"62,750",,"62,600",,,,,,,,,120,,,30,,,,,,,,,,,,,,
Interceptor Tactics,Combat,27,5,"226,000",,,"226,000",,,,,,,,,,,,,,,,,,,,,,,,,
Interceptor Tactics,Combat,28,6,-,,,,,,,,,,,,,,,,,,,,,,,,,,,,
Interceptor Tactics,Combat,,7,-,,,,,,,,,,,,,,,,,,,,,,,,,,,,
Interceptor Tactics,Combat,,8,-,,,,,,,,,,,,,,,,,,,,,,,,,,,,
Interceptor Tactics,Combat,,9,-,,,,,,,,,,,,,,,,,,,,,,,,,,,,
Interceptor Tactics,Combat,,10,-,,,,,,,,,,,,,,,,,,,,,,,,,,,,
Interceptor Weaponry,Combat,,1,"3,666",,,"3,566",,100,,,,,,,,,,,,,,,,,,,,,,,
Interceptor Weaponry,Combat,,2,"4,774",,,"4,774",,,,,,,,,,,,,,,,,,,,,,,,,
Interceptor Weaponry,Combat,,3,"10,800",,,"10,800",,,,,,,,,,,,,,,,,,,,,,,,,
Interceptor Weaponry,Combat,21,4,"16,300",,,"16,300",,,,,,,,,,,,,,,,,,,,,,,,,
Interceptor Weaponry,Combat,22,5,"42,100",,,"42,100",,,,,,,,,,,,,,,,,,,,,,,,,
Interceptor Weaponry,Combat,24,6,"62,640",,,"62,600",,,,,,,40,,,,,,,,,,,,,,,,,,
Interceptor Weaponry,Combat,25,7,"160,280",,,"160,200",,,,,,,,70,,,10,,,,,,,,,,,,,,
Interceptor Weaponry,Combat,,8,-,,,,,,,,,,,,,,,,,,,,,,,,,,,,
Kinetic Shockwave,Combat,,1,"1,886",,,"1,861",,25,,,,,,,,,,,,,,,,,,,,,,,
Kinetic Shockwave,Combat,,2,"2,413",,,"2,413",,,,,,,,,,,,,,,,,,,,,,,,,
Kinetic Shockwave,Combat,,3,"4,774",,,"4,774",,,,,,,,,,,,,,,,,,,,,,,,,
Kinetic Shockwave,Combat,,4,"7,532",,,"7,532",,,,,,,,,,,,,,,,,,,,,,,,,
Kinetic Shockwave,Combat,21,5,"16,300",,,"16,300",,,,,,,,,,,,,,,,,,,,,,,,,
Kinetic Shockwave,Combat,22,6,"25,200",,,"25,200",,,,,,,,,,,,,,,,,,,,,,,,,
Kinetic Shockwave,Combat,24,7,"62,680",,,"62,600",,,,,,,80,,,,,,,,,,,,,,,,,,
Kinetic Shockwave,Combat,26,8,"100,800",,,"100,700",,,,,,,80,,,20,,,,,,,,,,,,,,,
Klingon Firepower,Combat,34,1,-,,,,,,,,,,,,,,,,,,,,,,,,,,,,
Klingon Repair Costs,Station,30,1,-,,,,,,,,,,,,,,,,,,,,,,,,,,,,
Klingon Repair Costs,Station,,2,-,,,,,,,,,,,,,,,,,,,,,,,,,,,,
Klingon Repair Costs,Station,,3,-,,,,,,,,,,,,,,,,,,,,,,,,,,,,
Klingon Repair Costs,Station,,4,-,,,,,,,,,,,,,,,,,,,,,,,,,,,,
Klingon Repair Costs,Station,,5,-,,,,,,,,,,,,,,,,,,,,,,,,,,,,
Klingon Repair Costs,Station,,6,-,,,,,,,,,,,,,,,,,,,,,,,,,,,,
Klingon Repair Costs,Station,,7,-,,,,,,,,,,,,,,,,,,,,,,,,,,,,
Klingon Repair Costs,Station,,8,-,,,,,,,,,,,,,,,,,,,,,,,,,,,,
Klingon Repair Costs,Station,,9,-,,,,,,,,,,,,,,,,,,,,,,,,,,,,
Klingon Repair Costs,Station,,10,-,,,,,,,,,,,,,,,,,,,,,,,,,,,,
Klingon Repair Speed,Station,35,1,-,,,,,,,,,,,,,,,,,,,,,,,,,,,,
Klingon Repair Speed,Station,,2,-,,,,,,,,,,,,,,,,,,,,,,,,,,,,
Klingon Repair Speed,Station,,3,-,,,,,,,,,,,,,,,,,,,,,,,,,,,,
Klingon Repair Speed,Station,,4,-,,,,,,,,,,,,,,,,,,,,,,,,,,,,
Klingon Repair Speed,Station,,5,-,,,,,,,,,,,,,,,,,,,,,,,,,,,,
Klingon Repair Speed,Station,,6,-,,,,,,,,,,,,,,,,,,,,,,,,,,,,
Klingon Repair Speed,Station,,7,-,,,,,,,,,,,,,,,,,,,,,,,,,,,,
Klingon Repair Speed,Station,,8,-,,,,,,,,,,,,,,,,,,,,,,,,,,,,
Klingon Repair Speed,Station,,9,-,,,,,,,,,,,,,,,,,,,,,,,,,,,,
Klingon Repair Speed,Station,,10,-,,,,,,,,,,,,,,,,,,,,,,,,,,,,
Klingon Ship Structure,Station,25,1,-,,,,,,,,,,,,,,,,,,,,,,,,,,,,
Klingon Ship Structure,Station,,2,"897,620","721,100",,"176,400",,,,,,,,100,,,20,,,,,,,,,,,,,,
Klingon Ship Structure,Station,,3,-,,,,,,,,,,,,,,,,,,,,,,,,,,,,
Klingon Ship Structure,Station,,4,-,,,,,,,,,,,,,,,,,,,,,,,,,,,,
Klingon Ship Structure,Station,,5,-,,,,,,,,,,,,,,,,,,,,,,,,,,,,
Klingon Ship Structure,Station,,6,-,,,,,,,,,,,,,,,,,,,,,,,,,,,,
Klingon Ship Structure,Station,,7,-,,,,,,,,,,,,,,,,,,,,,,,,,,,,
Klingon Ship Structure,Station,,8,-,,,,,,,,,,,,,,,,,,,,,,,,,,,,
Klingon Ship Structure,Station,,9,-,,,,,,,,,,,,,,,,,,,,,,,,,,,,
Klingon Ship Structure,Station,,10,-,,,,,,,,,,,,,,,,,,,,,,,,,,,,
Klingon Weakpoints,Combat,28,1,-,,,,,,,,,,,,,,,,,,,,,,,,,,,,
Klingon Weakpoints,Combat,,2,-,,,,,,,,,,,,,,,,,,,,,,,,,,,,
Klingon Weakpoints,Combat,50,2,-,,,,,,,,,,,,,,,,,,,,,,,,,,,,
Klingon Weakpoints,Combat,,3,-,,,,,,,,,,,,,,,,,,,,,,,,,,,,
Klingon Weakpoints,Combat,50,3,-,,,,,,,,,,,,,,,,,,,,,,,,,,,,
Klingon Weakpoints,Combat,,4,-,,,,,,,,,,,,,,,,,,,,,,,,,,,,
Klingon Weakpoints,Combat,50,4,-,,,,,,,,,,,,,,,,,,,,,,,,,,,,
Klingon Weakpoints,Combat,,5,-,,,,,,,,,,,,,,,,,,,,,,,,,,,,
Klingon Weakpoints,Combat,50,5,-,,,,,,,,,,,,,,,,,,,,,,,,,,,,
Klingon Weakpoints,Combat,,6,-,,,,,,,,,,,,,,,,,,,,,,,,,,,,
Klingon Weakpoints,Combat,,7,-,,,,,,,,,,,,,,,,,,,,,,,,,,,,
Klingon Weakpoints,Combat,,8,-,,,,,,,,,,,,,,,,,,,,,,,,,,,,
Klingon Weakpoints,Combat,,9,-,,,,,,,,,,,,,,,,,,,,,,,,,,,,
Klingon Weakpoints,Combat,,10,-,,,,,,,,,,,,,,,,,,,,,,,,,,,,
Modulated Federation,Combat,26,1,"217,240",,"96,500","120,500",,,,,,,200,,,40,,,,,,,,,,,,,,,
Modulated Federation,Combat,28,2,-,,,,,,,,,,,,,,,,,,,,,,,,,,,,
Modulated Federation,Combat,,3,-,,,,,,,,,,,,,,,,,,,,,,,,,,,,
Modulated Federation,Combat,,4,-,,,,,,,,,,,,,,,,,,,,,,,,,,,,
Modulated Federation,Combat,,5,-,,,,,,,,,,,,,,,,,,,,,,,,,,,,
Modulated Federation,Combat,,6,-,,,,,,,,,,,,,,,,,,,,,,,,,,,,
Modulated Federation,Combat,,7,-,,,,,,,,,,,,,,,,,,,,,,,,,,,,
Modulated Federation,Combat,,8,-,,,,,,,,,,,,,,,,,,,,,,,,,,,,
Modulated Federation,Combat,,9,-,,,,,,,,,,,,,,,,,,,,,,,,,,,,
Modulated Federation,Combat,,10,-,,,,,,,,,,,,,,,,,,,,,,,,,,,,
Parsteel Accelerator,Station,28,1,-,,,,,,,,,,,,,,,,,,,,,,,,,,,,
Parsteel Accelerator,Station,,2,-,,,,,,,,,,,,,,,,,,,,,,,,,,,,
Parsteel Accelerator,Station,,3,-,,,,,,,,,,,,,,,,,,,,,,,,,,,,
Parsteel Accelerator,Station,,4,-,,,,,,,,,,,,,,,,,,,,,,,,,,,,
Parsteel Accelerator,Station,,5,-,,,,,,,,,,,,,,,,,,,,,,,,,,,,
Parsteel Accelerator,Station,,6,-,,,,,,,,,,,,,,,,,,,,,,,,,,,,
Parsteel Accelerator,Station,,7,-,,,,,,,,,,,,,,,,,,,,,,,,,,,,
Parsteel Accelerator,Station,,8,-,,,,,,,,,,,,,,,,,,,,,,,,,,,,
Parsteel Accelerator,Station,,9,-,,,,,,,,,,,,,,,,,,,,,,,,,,,,
Parsteel Accelerator,Station,,10,-,,,,,,,,,,,,,,,,,,,,,,,,,,,,
Parsteel Fushion,Station,6,1,220,205,,15,,,,,,,,,,,,,,,,,,,,,,,,,
Parsteel Fushion,Station,8,2,370,325,,45,,,,,,,,,,,,,,,,,,,,,,,,,
Parsteel Fushion,Station,9,3,630,540,,90,,,,,,,,,,,,,,,,,,,,,,,,,
Parsteel Fushion,Station,10,4,866,732,,134,,,,,,,,,,,,,,,,,,,,,,,,,
Parsteel Fushion,Station,12,5,"1,199",983,,216,,,,,,,,,,,,,,,,,,,,,,,,,
Parsteel Holding,Station,30,1,-,,,,,,,,,,,,,,,,,,,,,,,,,,,,
Parsteel Holding,Station,,2,-,,,,,,,,,,,,,,,,,,,,,,,,,,,,
Parsteel Holding,Station,,3,-,,,,,,,,,,,,,,,,,,,,,,,,,,,,
Parsteel Holding,Station,,4,-,,,,,,,,,,,,,,,,,,,,,,,,,,,,
Parsteel Holding,Station,,5,-,,,,,,,,,,,,,,,,,,,,,,,,,,,,
Parsteel Holding,Station,,6,-,,,,,,,,,,,,,,,,,,,,,,,,,,,,
Parsteel Holding,Station,,7,-,,,,,,,,,,,,,,,,,,,,,,,,,,,,
Parsteel Holding,Station,,8,-,,,,,,,,,,,,,,,,,,,,,,,,,,,,
Parsteel Holding,Station,,9,-,,,,,,,,,,,,,,,,,,,,,,,,,,,,
Parsteel Holding,Station,,10,-,,,,,,,,,,,,,,,,,,,,,,,,,,,,
Parsteel Safeguarding,Station,13,1,"4,519","3,817",,702,,,,,,,,,,,,,,,,,,,,,,,,,
Parsteel Safeguarding,Station,16,2,"6,126","5,175",,951,,,,,,,,,,,,,,,,,,,,,,,,,
Parsteel Safeguarding,Station,17,3,"11,144","9,412",,"1,732",,,,,,,,,,,,,,,,,,,,,,,,,
Parsteel Safeguarding,Station,18,4,"16,565","14,000",,"2,565",,,,,,,,,,,,,,,,,,,,,,,,,
Parsteel Safeguarding,Station,19,5,"37,935","32,000",,"5,935",,,,,,,,,,,,,,,,,,,,,,,,,
Parsteel Safeguarding,Station,20,6,"50,952","43,000",,"7,952",,,,,,,,,,,,,,,,,,,,,,,,,
Parsteel Safeguarding,Station,22,7,"125,200","105,800",,"19,400",,,,,,,,,,,,,,,,,,,,,,,,,
Parsteel Safeguarding,Station,23,8,"199,900","168,900",,"31,000",,,,,,,,,,,,,,,,,,,,,,,,,
Parsteel Security,Station,32,1,-,,,,,,,,,,,,,,,,,,,,,,,,,,,,
Parsteel Security,Station,,2,-,,,,,,,,,,,,,,,,,,,,,,,,,,,,
Parsteel Security,Station,,3,-,,,,,,,,,,,,,,,,,,,,,,,,,,,,
Parsteel Security,Station,,4,-,,,,,,,,,,,,,,,,,,,,,,,,,,,,
Parsteel Security,Station,,5,-,,,,,,,,,,,,,,,,,,,,,,,,,,,,
Parsteel Security,Station,,6,-,,,,,,,,,,,,,,,,,,,,,,,,,,,,
Parsteel Security,Station,,7,-,,,,,,,,,,,,,,,,,,,,,,,,,,,,
Parsteel Security,Station,,8,-,,,,,,,,,,,,,,,,,,,,,,,,,,,,
Parsteel Security,Station,,9,-,,,,,,,,,,,,,,,,,,,,,,,,,,,,
Parsteel Security,Station,,10,-,,,,,,,,,,,,,,,,,,,,,,,,,,,,
Parsteel Stockpile,Station,31,1,-,,,,,,,,,,,,,,,,,,,,,,,,,,,,
Parsteel Stockpile,Station,,2,-,,,,,,,,,,,,,,,,,,,,,,,,,,,,
Parsteel Stockpile,Station,,3,-,,,,,,,,,,,,,,,,,,,,,,,,,,,,
Parsteel Stockpile,Station,,4,-,,,,,,,,,,,,,,,,,,,,,,,,,,,,
Parsteel Stockpile,Station,,5,-,,,,,,,,,,,,,,,,,,,,,,,,,,,,
Parsteel Stockpile,Station,,6,-,,,,,,,,,,,,,,,,,,,,,,,,,,,,
Parsteel Stockpile,Station,,7,-,,,,,,,,,,,,,,,,,,,,,,,,,,,,
Parsteel Stockpile,Station,,8,-,,,,,,,,,,,,,,,,,,,,,,,,,,,,
Parsteel Stockpile,Station,,9,-,,,,,,,,,,,,,,,,,,,,,,,,,,,,
Parsteel Stockpile,Station,,10,-,,,,,,,,,,,,,,,,,,,,,,,,,,,,
Parsteel Storage,Station,6,1,330,305,,25,,,,,,,,,,,,,,,,,,,,,,,,,
Parsteel Storage,Station,8,2,550,490,,60,,,,,,,,,,,,,,,,,,,,,,,,,
Parsteel Storage,Station,9,3,935,820,,115,,,,,,,,,,,,,,,,,,,,,,,,,
Parsteel Storage,Station,12,4,"1,821","1,540",,281,,,,,,,,,,,,,,,,,,,,,,,,,
Parsteel Storage,Station,12,5,"2,363","1,996",,367,,,,,,,,,,,,,,,,,,,,,,,,,
Piercing Shots,Combat,10,1,777,,286,491,,,,,,,,,,,,,,,,,,,,,,,,,
Piercing Shots,Combat,11,2,976,,317,659,,,,,,,,,,,,,,,,,,,,,,,,,
Piercing Shots,Combat,,3,"2,402",,741,"1,661",,,,,,,,,,,,,,,,,,,,,,,,,
Piercing Shots,Combat,,4,"4,774",,"1,484","3,290",,,,,,,,,,,,,,,,,,,,,,,,,
Piercing Shots,Combat,,5,"7,500",,"2,310","5,190",,,,,,,,,,,,,,,,,,,,,,,,,
Piercing Shots,Combat,,6,-,,,,,,,,,,,,,,,,,,,,,,,,,,,,
Piercing Shots,Combat,21,7,"16,300",,"5,000","11,300",,,,,,,,,,,,,,,,,,,,,,,,,
Piercing Shots,Combat,23,8,"25,165",,"7,765","17,400",,,,,,,,,,,,,,,,,,,,,,,,,
Pinpoint Targeting,Combat,11,1,543,,,543,,,,,,,,,,,,,,,,,,,,,,,,,
Pinpoint Targeting,Combat,,Max,"12,500",,,"12,500",,,,,,,,,,,,,,,,,,,,,,,,,
Prime Damage,Combat,5,Max,"35,000",,,"35,000",,,,,,,,,,,,,,,,,,,,,,,,,
Prime Defenses,Combat,,Max,"1,100,250",,,"1,100,000",,,,,,,,,,,,,,,,250,,,,,,,,,
Prime Hulls,Combat,4,Max,"67,725",,,"67,600",,,,,,,,,,125,,,,,,,,,,,,,,,
Prime Piercing,Combat,,Max,"1,600,400",,,"1,600,000",,,,,,,,,,,,,,,,,,,,,,,400,,
Prime Protection,Station,,MAX,"105,240",,,"105,200",,,,,,,,,,,,,40,,,,,,,,,,,,
Prime Repair Costs,Station,19,Max,"753,100",,,"753,000",,,,,,,,,,,,,,,,,,,,,,,100,,
Prime Repair Speed,Station,19,Max,"698,600",,,"698,300",,,,,,,,,,,,,,,150,,,,,,,,,150,
Prime Research,Station,4,Max,"15,000",,,"15,000",,,,,,,,,,,,,,,,,,,,,,,,,
Prime Resources,Station,6,Max,"15,000",,,"15,000",,,,,,,,,,,,,,,,,,,,,,,,,
Pure Dilithium,Station,21,1,"63,600","51,100",,"12,500",,,,,,,,,,,,,,,,,,,,,,,,,
Pure Dilithium,Station,22,2,"98,700","79,300",,"19,400",,,,,,,,,,,,,,,,,,,,,,,,,
Pure Dilithium,Station,24,3,"244,930","196,800",,"48,100",,,,,,,,30,,,,,,,,,,,,,,,,,
Pure Dilithium,Station,25,4,"399,960","321,200",,"78,700",,,,,,,,50,,,10,,,,,,,,,,,,,,
Pure Dilithium,Station,,5,-,,,,,,,,,,,,,,,,,,,,,,,,,,,,
Pure Dilithium,Station,,6,-,,,,,,,,,,,,,,,,,,,,,,,,,,,,
Pure Dilithium,Station,,7,-,,,,,,,,,,,,,,,,,,,,,,,,,,,,
Pure Dilithium,Station,,8,-,,,,,,,,,,,,,,,,,,,,,,,,,,,,
Pure Dilithium,Station,,9,-,,,,,,,,,,,,,,,,,,,,,,,,,,,,
Pure Dilithium,Station,,10,-,,,,,,,,,,,,,,,,,,,,,,,,,,,,
Pure Tritanium,Station,21,1,"63,600","51,100",,"12,500",,,,,,,,,,,,,,,,,,,,,,,,,
Pure Tritanium,Station,22,2,"98,700","79,300",,"19,400",,,,,,,,,,,,,,,,,,,,,,,,,
Pure Tritanium,Station,24,3,"244,900","196,800",,"48,100",,,,,,,,,,,,,,,,,,,,,,,,,
Pure Tritanium,Station,25,4,"393,860","316,300",,"77,500",,,,,,,50,,,10,,,,,,,,,,,,,,,
Pure Tritanium,Station,27,5,"884,860","710,900",,"173,900",,,,,,,50,,,10,,,,,,,,,,,,,,,
Pure Tritanium,Station,,6,-,,,,,,,,,,,,,,,,,,,,,,,,,,,,
Pure Tritanium,Station,,7,-,,,,,,,,,,,,,,,,,,,,,,,,,,,,
Pure Tritanium,Station,,8,-,,,,,,,,,,,,,,,,,,,,,,,,,,,,
Pure Tritanium,Station,,9,-,,,,,,,,,,,,,,,,,,,,,,,,,,,,
Pure Tritanium,Station,,10,-,,,,,,,,,,,,,,,,,,,,,,,,,,,,
Reinforced Bulkheads,Combat,6,1,155,,120,35,,,,,,,,,,,,,,,,,,,,,,,,,
Reinforced Bulkheads,Combat,7,2,245,,180,65,,,,,,,,,,,,,,,,,,,,,,,,,
Reinforced Bulkheads,Combat,10,3,625,,336,289,,,,,,,,,,,,,,,,,,,,,,,,,
Reinforced Bulkheads,Combat,11,4,"1,468",,,"1,468",,,,,,,,,,,,,,,,,,,,,,,,,
Reinforced Bulkheads,Combat,,5,-,,,,,,,,,,,,,,,,,,,,,,,,,,,,
Repair Diagnostics,Station,7,1,300,,,300,,,,,,,,,,,,,,,,,,,,,,,,,
Repair Diagnostics,Station,10,2,439,,,439,,,,,,,,,,,,,,,,,,,,,,,,,
Repair Diagnostics,Station,,3,"1,200",,,"1,200",,,,,,,,,,,,,,,,,,,,,,,,,
Repair Diagnostics,Station,13,4,"1,468",,,"1,468",,,,,,,,,,,,,,,,,,,,,,,,,
Repair Diagnostics,Station,14,5,-,,,,,,,,,,,,,,,,,,,,,,,,,,,,
Research Expert,Station,20,1,"19,800",,,"19,800",,,,,,,,,,,,,,,,,,,,,,,,,
Research Expert,Station,22,2,"48,600",,,"48,600",,,,,,,,,,,,,,,,,,,,,,,,,
Research Expert,Station,24,3,"120,790",,,"120,700",,,,,,,,,90,,,,,,,,,,,,,,,,
Research Expert,Station,25,4,"302,910",,,"302,500",,,,,,,,,340,,,70,,,,,,,,,,,,,
Research Expert,Station,,5,-,,,,,,,,,,,,,,,,,,,,,,,,,,,,
Research Expert,Station,,6,-,,,,,,,,,,,,,,,,,,,,,,,,,,,,
Research Expert,Station,,7,-,,,,,,,,,,,,,,,,,,,,,,,,,,,,
Research Expert,Station,,8,-,,,,,,,,,,,,,,,,,,,,,,,,,,,,
Research Expert,Station,,9,-,,,,,,,,,,,,,,,,,,,,,,,,,,,,
Research Expert,Station,,10,-,,,,,,,,,,,,,,,,,,,,,,,,,,,,
Research Expert,Station,,11,-,,,,,,,,,,,,,,,,,,,,,,,,,,,,
Research Expert,Station,,12,-,,,,,,,,,,,,,,,,,,,,,,,,,,,,
Research Expert,Station,,13,-,,,,,,,,,,,,,,,,,,,,,,,,,,,,
Research Expert,Station,,14,-,,,,,,,,,,,,,,,,,,,,,,,,,,,,
Research Expert,Station,,15,-,,,,,,,,,,,,,,,,,,,,,,,,,,,,
Research Optimization,Station,12,1,"1,315",,,"1,315",,,,,,,,,,,,,,,,,,,,,,,,,
Research Optimization,Station,13,2,"1,825",,,"1,825",,,,,,,,,,,,,,,,,,,,,,,,,
Research Optimization,Station,15,3,"3,630",,,"3,630",,,,,,,,,,,,,,,,,,,,,,,,,
Research Optimization,Station,17,4,"6,712",,,"6,712",,,,,,,,,,,,,,,,,,,,,,,,,
Research Optimization,Station,20,5,"14,500",,,"14,500",,,,,,,,,,,,,,,,,,,,,,,,,
Research Optimization,Station,21,6,"33,750",,,"33,200",,500,,,50,,,,,,,,,,,,,,,,,,,,
Research Optimization,Station,23,7,"81,200",,,"81,000",,,,,,,,200,,,,,,,,,,,,,,,,,
Research Optimization,Station,26,8,"190,960",,,"190,000",,,,,,,,810,,,150,,,,,,,,,,,,,,
Research Optimization,Station,,9,-,,,,,,,,,,,,,,,,,,,,,,,,,,,,
Research Optimization,Station,,10,-,,,,,,,,,,,,,,,,,,,,,,,,,,,,
Research Optimization,Station,,11,-,,,,,,,,,,,,,,,,,,,,,,,,,,,,
Research Optimization,Station,,12,-,,,,,,,,,,,,,,,,,,,,,,,,,,,,
Research Optimization,Station,,13,-,,,,,,,,,,,,,,,,,,,,,,,,,,,,
Research Optimization,Station,,14,-,,,,,,,,,,,,,,,,,,,,,,,,,,,,
Research Optimization,Station,,15,-,,,,,,,,,,,,,,,,,,,,,,,,,,,,
Romulan Firepower,Combat,34,1,-,,,,,,,,,,,,,,,,,,,,,,,,,,,,
Romulan Firepower,Combat,50,2,-,,,,,,,,,,,,,,,,,,,,,,,,,,,,
Romulan Firepower,Combat,50,3,-,,,,,,,,,,,,,,,,,,,,,,,,,,,,
Romulan Firepower,Combat,50,4,-,,,,,,,,,,,,,,,,,,,,,,,,,,,,
Romulan Firepower,Combat,50,5,-,,,,,,,,,,,,,,,,,,,,,,,,,,,,
Romulan Fortitude,Combat,29,1,-,,,,,,,,,,,,,,,,,,,,,,,,,,,,
Romulan Fortitude,Combat,50,2,-,,,,,,,,,,,,,,,,,,,,,,,,,,,,
Romulan Fortitude,Combat,50,3,-,,,,,,,,,,,,,,,,,,,,,,,,,,,,
Romulan Fortitude,Combat,50,4,-,,,,,,,,,,,,,,,,,,,,,,,,,,,,
Romulan Fortitude,Combat,50,5,-,,,,,,,,,,,,,,,,,,,,,,,,,,,,
Romulan Fortitude,Combat,50,6,-,,,,,,,,,,,,,,,,,,,,,,,,,,,,
Romulan Fortitude,Combat,50,7,-,,,,,,,,,,,,,,,,,,,,,,,,,,,,
Romulan Fortitude,Combat,50,8,-,,,,,,,,,,,,,,,,,,,,,,,,,,,,
Romulan Fortitude,Combat,50,9,-,,,,,,,,,,,,,,,,,,,,,,,,,,,,
Romulan Fortitude,Combat,50,10,-,,,,,,,,,,,,,,,,,,,,,,,,,,,,
Romulan Repair Costs,Station,30,1,-,,,,,,,,,,,,,,,,,,,,,,,,,,,,
Romulan Repair Costs,Station,,2,-,,,,,,,,,,,,,,,,,,,,,,,,,,,,
Romulan Repair Costs,Station,,3,-,,,,,,,,,,,,,,,,,,,,,,,,,,,,
Romulan Repair Costs,Station,,4,-,,,,,,,,,,,,,,,,,,,,,,,,,,,,
Romulan Repair Costs,Station,,5,-,,,,,,,,,,,,,,,,,,,,,,,,,,,,
Romulan Repair Costs,Station,,6,-,,,,,,,,,,,,,,,,,,,,,,,,,,,,
Romulan Repair Costs,Station,,7,-,,,,,,,,,,,,,,,,,,,,,,,,,,,,
Romulan Repair Costs,Station,,8,-,,,,,,,,,,,,,,,,,,,,,,,,,,,,
Romulan Repair Costs,Station,,9,-,,,,,,,,,,,,,,,,,,,,,,,,,,,,
Romulan Repair Costs,Station,,10,-,,,,,,,,,,,,,,,,,,,,,,,,,,,,
Romulan Repair Speed,Station,35,1,-,,,,,,,,,,,,,,,,,,,,,,,,,,,,
Romulan Repair Speed,Station,,2,-,,,,,,,,,,,,,,,,,,,,,,,,,,,,
Romulan Repair Speed,Station,,3,-,,,,,,,,,,,,,,,,,,,,,,,,,,,,
Romulan Repair Speed,Station,,4,-,,,,,,,,,,,,,,,,,,,,,,,,,,,,
Romulan Repair Speed,Station,,5,-,,,,,,,,,,,,,,,,,,,,,,,,,,,,
Romulan Repair Speed,Station,,6,-,,,,,,,,,,,,,,,,,,,,,,,,,,,,
Romulan Repair Speed,Station,,7,-,,,,,,,,,,,,,,,,,,,,,,,,,,,,
Romulan Repair Speed,Station,,8,-,,,,,,,,,,,,,,,,,,,,,,,,,,,,
Romulan Repair Speed,Station,,9,-,,,,,,,,,,,,,,,,,,,,,,,,,,,,
Romulan Repair Speed,Station,,10,-,,,,,,,,,,,,,,,,,,,,,,,,,,,,
Romulan Ship Structure,Station,25,1,"394,070","316,300",,"77,500",,,,,,,220,,,50,,,,,,,,,,,,,,,
Romulan Ship Structure,Station,,2,-,,,,,,,,,,,,,,,,,,,,,,,,,,,,
Romulan Ship Structure,Station,,3,-,,,,,,,,,,,,,,,,,,,,,,,,,,,,
Romulan Ship Structure,Station,,4,-,,,,,,,,,,,,,,,,,,,,,,,,,,,,
Romulan Ship Structure,Station,,5,-,,,,,,,,,,,,,,,,,,,,,,,,,,,,
Romulan Ship Structure,Station,,6,-,,,,,,,,,,,,,,,,,,,,,,,,,,,,
Romulan Ship Structure,Station,,7,-,,,,,,,,,,,,,,,,,,,,,,,,,,,,
Romulan Ship Structure,Station,,8,-,,,,,,,,,,,,,,,,,,,,,,,,,,,,
Romulan Ship Structure,Station,,9,-,,,,,,,,,,,,,,,,,,,,,,,,,,,,
Romulan Ship Structure,Station,,10,-,,,,,,,,,,,,,,,,,,,,,,,,,,,,
Romulan Weakpoints,Combat,28,1,-,,,,,,,,,,,,,,,,,,,,,,,,,,,,
Romulan Weakpoints,Combat,,2,-,,,,,,,,,,,,,,,,,,,,,,,,,,,,
Romulan Weakpoints,Combat,,3,-,,,,,,,,,,,,,,,,,,,,,,,,,,,,
Romulan Weakpoints,Combat,,4,-,,,,,,,,,,,,,,,,,,,,,,,,,,,,
Romulan Weakpoints,Combat,,5,-,,,,,,,,,,,,,,,,,,,,,,,,,,,,
Romulan Weakpoints,Combat,,6,-,,,,,,,,,,,,,,,,,,,,,,,,,,,,
Romulan Weakpoints,Combat,,7,-,,,,,,,,,,,,,,,,,,,,,,,,,,,,
Romulan Weakpoints,Combat,,8,-,,,,,,,,,,,,,,,,,,,,,,,,,,,,
Romulan Weakpoints,Combat,,9,-,,,,,,,,,,,,,,,,,,,,,,,,,,,,
Romulan Weakpoints,Combat,,10,-,,,,,,,,,,,,,,,,,,,,,,,,,,,,
Shield Efficiency,Combat,6,1,155,,120,35,,,,,,,,,,,,,,,,,,,,,,,,,
Shield Efficiency,Combat,7,2,245,,180,65,,,,,,,,,,,,,,,,,,,,,,,,,
Shield Efficiency,Combat,10,3,438,,263,175,,,,,,,,,,,,,,,,,,,,,,,,,
Shield Efficiency,Combat,11,4,625,,336,289,,,,,,,,,,,,,,,,,,,,,,,,,
Shield Efficiency,Combat,,5,-,,,,,,,,,,,,,,,,,,,,,,,,,,,,
Shield Modulation,Combat,6,1,110,,100,10,,,,,,,,,,,,,,,,,,,,,,,,,
Shield Modulation,Combat,6,2,230,,200,30,,,,,,,,,,,,,,,,,,,,,,,,,
Shield Modulation,Combat,8,3,360,,300,60,,,,,,,,,,,,,,,,,,,,,,,,,
Shield Modulation,Combat,10,4,939,,645,294,,,,,,,,,,,,,,,,,,,,,,,,,
Shield Modulation,Combat,14,5,"1,540",,"1,023",517,,,,,,,,,,,,,,,,,,,,,,,,,
Shield Modulation,Combat,,6,"3,102",,"1,934","1,168",,,,,,,,,,,,,,,,,,,,,,,,,
Shield Modulation,Combat,,7,"5,887",,"3,677","2,210",,,,,,,,,,,,,,,,,,,,,,,,,
Shield Modulation,Combat,,8,"12,866",,"8,049","4,817",,,,,,,,,,,,,,,,,,,,,,,,,
Shield Modulation,Combat,20,9,-,,,,,,,,,,,,,,,,,,,,,,,,,,,,
Shield Modulation,Combat,22,10,"39,800",,"19,700","11,900",,,"8,000",,,200,,,,,,,,,,,,,,,,,,,
Shield Penetration,Combat,,1,777,,286,491,,,,,,,,,,,,,,,,,,,,,,,,,
Shield Penetration,Combat,,2,939,,305,634,,,,,,,,,,,,,,,,,,,,,,,,,
Shield Penetration,Combat,13,3,"2,402",,741,"1,661",,,,,,,,,,,,,,,,,,,,,,,,,
Shield Penetration,Combat,,4,"4,774",,"1,484","3,290",,,,,,,,,,,,,,,,,,,,,,,,,
Shield Penetration,Combat,,5,"7,500",,"2,310","5,190",,,,,,,,,,,,,,,,,,,,,,,,,
Shield Penetration,Combat,,6,"16,300",,"5,000","11,300",,,,,,,,,,,,,,,,,,,,,,,,,
Shield Penetration,Combat,,7,-,,,,,,,,,,,,,,,,,,,,,,,,,,,,
Shield Penetration,Combat,23,8,"25,165",,"7,765","17,400",,,,,,,,,,,,,,,,,,,,,,,,,
Shield Penetration,Combat,,9,-,,,,,,,,,,,,,,,,,,,,,,,,,,,,
Shield Penetration,Combat,,10,-,,,,,,,,,,,,,,,,,,,,,,,,,,,,
Siege Warfare,Combat,28,1,-,,,,,,,,,,,,,,,,,,,,,,,,,,,,
Siege Warfare,Combat,50,2,-,,,,,,,,,,,,,,,,,,,,,,,,,,,,
Siege Warfare,Combat,50,3,-,,,,,,,,,,,,,,,,,,,,,,,,,,,,
Siege Warfare,Combat,50,4,-,,,,,,,,,,,,,,,,,,,,,,,,,,,,
Siege Warfare,Combat,50,5,-,,,,,,,,,,,,,,,,,,,,,,,,,,,,
Siege Warfare,Combat,50,6,-,,,,,,,,,,,,,,,,,,,,,,,,,,,,
Siege Warfare,Combat,50,7,-,,,,,,,,,,,,,,,,,,,,,,,,,,,,
Siege Warfare,Combat,50,8,-,,,,,,,,,,,,,,,,,,,,,,,,,,,,
Siege Warfare,Combat,50,9,-,,,,,,,,,,,,,,,,,,,,,,,,,,,,
Siege Warfare,Combat,50,10,-,,,,,,,,,,,,,,,,,,,,,,,,,,,,
Station Accuracy,Station,25,1,"76,210",,,"76,000",,,,,,,,,170,,,40,,,,,,,,,,,,,
Station Accuracy,Station,26,2,"120,500",,,"120,500",,,,,,,,,,,,,,,,,,,,,,,,,
Station Accuracy,Station,,3,-,,,,,,,,,,,,,,,,,,,,,,,,,,,,
Station Accuracy,Station,,4,-,,,,,,,,,,,,,,,,,,,,,,,,,,,,
Station Accuracy,Station,,5,-,,,,,,,,,,,,,,,,,,,,,,,,,,,,
Station Accuracy,Station,,6,-,,,,,,,,,,,,,,,,,,,,,,,,,,,,
Station Accuracy,Station,,7,-,,,,,,,,,,,,,,,,,,,,,,,,,,,,
Station Accuracy,Station,,8,-,,,,,,,,,,,,,,,,,,,,,,,,,,,,
Station Accuracy,Station,,9,-,,,,,,,,,,,,,,,,,,,,,,,,,,,,
Station Accuracy,Station,,10,-,,,,,,,,,,,,,,,,,,,,,,,,,,,,
Station Armor Piercing,Station,25,1,"77,730",,,"77,500",,,,,,,,190,,,40,,,,,,,,,,,,,,
Station Armor Piercing,Station,26,2,"120,500",,,"120,500",,,,,,,,,,,,,,,,,,,,,,,,,
Station Armor Piercing,Station,,3,-,,,,,,,,,,,,,,,,,,,,,,,,,,,,
Station Armor Piercing,Station,,4,-,,,,,,,,,,,,,,,,,,,,,,,,,,,,
Station Armor Piercing,Station,,5,-,,,,,,,,,,,,,,,,,,,,,,,,,,,,
Station Armor Piercing,Station,,6,-,,,,,,,,,,,,,,,,,,,,,,,,,,,,
Station Armor Piercing,Station,,7,-,,,,,,,,,,,,,,,,,,,,,,,,,,,,
Station Armor Piercing,Station,,8,-,,,,,,,,,,,,,,,,,,,,,,,,,,,,
Station Armor Piercing,Station,,9,-,,,,,,,,,,,,,,,,,,,,,,,,,,,,
Station Armor Piercing,Station,,10,-,,,,,,,,,,,,,,,,,,,,,,,,,,,,
Station Defenses,Station,10,1,518,,,518,,,,,,,,,,,,,,,,,,,,,,,,,
Station Defenses,Station,13,2,675,,,675,,,,,,,,,,,,,,,,,,,,,,,,,
Station Defenses,Station,,3,-,,,,,,,,,,,,,,,,,,,,,,,,,,,,
Station Defenses,Station,19,4,"1,741",,,"1,741",,,,,,,,,,,,,,,,,,,,,,,,,
Station Defenses,Station,27,5,"2,750",,,"2,750",,,,,,,,,,,,,,,,,,,,,,,,,
Station Defenses,Station,27,6,"4,000",,,"4,000",,,,,,,,,,,,,,,,,,,,,,,,,
Station Defenses,Station,,7,-,,,,,,,,,,,,,,,,,,,,,,,,,,,,
Station Defenses,Station,,8,-,,,,,,,,,,,,,,,,,,,,,,,,,,,,
Station Piercing,Combat,26,1,"330,820",,"147,000","183,500",,,,,,,,260,,,60,,,,,,,,,,,,,,
Station Piercing,Combat,,2,-,,,,,,,,,,,,,,,,,,,,,,,,,,,,
Station Piercing,Combat,,3,-,,,,,,,,,,,,,,,,,,,,,,,,,,,,
Station Piercing,Combat,,4,-,,,,,,,,,,,,,,,,,,,,,,,,,,,,
Station Piercing,Combat,,5,-,,,,,,,,,,,,,,,,,,,,,,,,,,,,
Station Piercing,Combat,,6,-,,,,,,,,,,,,,,,,,,,,,,,,,,,,
Station Piercing,Combat,,7,-,,,,,,,,,,,,,,,,,,,,,,,,,,,,
Station Piercing,Combat,,8,-,,,,,,,,,,,,,,,,,,,,,,,,,,,,
Station Piercing,Combat,,9,-,,,,,,,,,,,,,,,,,,,,,,,,,,,,
Station Piercing,Combat,,10,-,,,,,,,,,,,,,,,,,,,,,,,,,,,,
Station Shield Piercing,Station,25,1,"77,720",,,"77,500",,,,,,,180,,,40,,,,,,,,,,,,,,,
Station Shield Piercing,Station,26,2,"120,500",,,"120,500",,,,,,,,,,,,,,,,,,,,,,,,,
Station Shield Piercing,Station,,3,-,,,,,,,,,,,,,,,,,,,,,,,,,,,,
Station Shield Piercing,Station,,4,-,,,,,,,,,,,,,,,,,,,,,,,,,,,,
Station Shield Piercing,Station,,5,-,,,,,,,,,,,,,,,,,,,,,,,,,,,,
Station Shield Piercing,Station,,6,-,,,,,,,,,,,,,,,,,,,,,,,,,,,,
Station Shield Piercing,Station,,7,-,,,,,,,,,,,,,,,,,,,,,,,,,,,,
Station Shield Piercing,Station,,8,-,,,,,,,,,,,,,,,,,,,,,,,,,,,,
Station Shield Piercing,Station,,9,-,,,,,,,,,,,,,,,,,,,,,,,,,,,,
Station Shield Piercing,Station,,10,-,,,,,,,,,,,,,,,,,,,,,,,,,,,,
Station Weaponry,Station,,1,"13,215","10,500",,"2,565",,150,,,,,,,,,,,,,,,,,,,,,,,
Station Weaponry,Station,,2,"18,677","15,000",,"3,677",,,,,,,,,,,,,,,,,,,,,,,,,
Station Weaponry,Station,,3,"40,252","32,300",,"7,952",,,,,,,,,,,,,,,,,,,,,,,,,
Station Weaponry,Station,21,4,"63,600","51,100",,"12,500",,,,,,,,,,,,,,,,,,,,,,,,,
Station Weaponry,Station,23,5,"157,700","126,700",,"31,000",,,,,,,,,,,,,,,,,,,,,,,,,
Station Weaponry,Station,24,6,"241,200","193,800",,"47,400",,,,,,,,,,,,,,,,,,,,,,,,,
Station Weaponry,Station,26,7,"613,000","492,500",,"120,500",,,,,,,,,,,,,,,,,,,,,,,,,
Station Weaponry,Station,27,8,"884,800","710,900",,"173,900",,,,,,,,,,,,,,,,,,,,,,,,,
Strength of Kahless,Combat,29,1,-,,,,,,,,,,,,,,,,,,,,,,,,,,,,
Strength of Kahless,Combat,50,2,-,,,,,,,,,,,,,,,,,,,,,,,,,,,,
Strength of Kahless,Combat,50,3,-,,,,,,,,,,,,,,,,,,,,,,,,,,,,
Strength of Kahless,Combat,50,4,-,,,,,,,,,,,,,,,,,,,,,,,,,,,,
Strength of Kahless,Combat,50,5,-,,,,,,,,,,,,,,,,,,,,,,,,,,,,
Strength of Kahless,Combat,50,6,-,,,,,,,,,,,,,,,,,,,,,,,,,,,,
Strength of Kahless,Combat,50,7,-,,,,,,,,,,,,,,,,,,,,,,,,,,,,
Strength of Kahless,Combat,50,8,-,,,,,,,,,,,,,,,,,,,,,,,,,,,,
Strength of Kahless,Combat,50,9,-,,,,,,,,,,,,,,,,,,,,,,,,,,,,
Strength of Kahless,Combat,50,10,-,,,,,,,,,,,,,,,,,,,,,,,,,,,,
Survey Firepower,Combat,13,1,"1,747",,,"1,747",,,,,,,,,,,,,,,,,,,,,,,,,
Survey Firepower,Combat,17,2,"2,493",,,"2,493",,,,,,,,,,,,,,,,,,,,,,,,,
Survey Firepower,Combat,18,3,"4,774",,,"4,774",,,,,,,,,,,,,,,,,,,,,,,,,
Survey Firepower,Combat,19,4,-,,,,,,,,,,,,,,,,,,,,,,,,,,,,
Survey Firepower,Combat,20,5,"10,300",,,"10,300",,,,,,,,,,,,,,,,,,,,,,,,,
Survey Firepower,Combat,21,6,"16,300",,,"16,300",,,,,,,,,,,,,,,,,,,,,,,,,
Survey Firepower,Combat,23,7,"39,700",,,"39,700",,,,,,,,,,,,,,,,,,,,,,,,,
Survey Firepower,Combat,25,8,"62,600",,,"62,600",,,,,,,,,,,,,,,,,,,,,,,,,
Survey Hull Integrity,Combat,12,1,"1,313",,847,466,,,,,,,,,,,,,,,,,,,,,,,,,
Survey Hull Integrity,Combat,14,2,"1,747",,,"1,747",,,,,,,,,,,,,,,,,,,,,,,,,
Survey Hull Integrity,Combat,,3,"2,911",,"1,815","1,096",,,,,,,,,,,,,,,,,,,,,,,,,
Survey Hull Integrity,Combat,,4,"4,101",,"2,565","1,536",,,,,,,,,,,,,,,,,,,,,,,,,
Survey Hull Integrity,Combat,,5,"9,304",,"5,823","3,481",,,,,,,,,,,,,,,,,,,,,,,,,
Survey Hull Integrity,Combat,19,6,"12,866",,"8,049","4,817",,,,,,,,,,,,,,,,,,,,,,,,,
Survey Hull Integrity,Combat,,7,"31,100",,"19,400","11,700",,,,,,,,,,,,,,,,,,,,,,,,,
Survey Hull Integrity,Combat,23,8,"51,800",,"32,400","19,400",,,,,,,,,,,,,,,,,,,,,,,,,
Survey Shield Array,Combat,13,1,"1,313",,847,466,,,,,,,,,,,,,,,,,,,,,,,,,
Survey Shield Array,Combat,,2,"1,900",,"1,300",600,,,,,,,,,,,,,,,,,,,,,,,,,
Survey Shield Array,Combat,,3,"2,911",,"1,815","1,096",,,,,,,,,,,,,,,,,,,,,,,,,
Survey Shield Array,Combat,,4,"4,101",,"2,565","1,536",,,,,,,,,,,,,,,,,,,,,,,,,
Survey Shield Array,Combat,,5,"9,483",,"5,935","3,548",,,,,,,,,,,,,,,,,,,,,,,,,
Survey Shield Array,Combat,20,6,"12,711",,"7,952","4,759",,,,,,,,,,,,,,,,,,,,,,,,,
Survey Shield Array,Combat,21,7,"31,100",,"19,400","11,700",,,,,,,,,,,,,,,,,,,,,,,,,
Survey Shield Array,Combat,23,8,"51,800",,"32,400","19,400",,,,,,,,,,,,,,,,,,,,,,,,,
Targeting Array,Combat,11,1,777,,286,491,,,,,,,,,,,,,,,,,,,,,,,,,
Targeting Array,Combat,13,2,976,,317,659,,,,,,,,,,,,,,,,,,,,,,,,,
Targeting Array,Combat,,3,"2,402",,741,"1,661",,,,,,,,,,,,,,,,,,,,,,,,,
Targeting Array,Combat,,4,"4,774",,"1,484","3,290",,,,,,,,,,,,,,,,,,,,,,,,,
Targeting Array,Combat,,5,"7,500",,"2,310","5,190",,,,,,,,,,,,,,,,,,,,,,,,,
Targeting Array,Combat,,6,-,,,,,,,,,,,,,,,,,,,,,,,,,,,,
Targeting Array,Combat,21,7,"16,300",,"5,000","11,300",,,,,,,,,,,,,,,,,,,,,,,,,
Targeting Array,Combat,23,8,"25,165",,"7,765","17,400",,,,,,,,,,,,,,,,,,,,,,,,,
Tier-Up Boost,Station,24,1,"71,250",,,"71,100",,,,,,,,,150,,,,,,,,,,,,,,,,
Tier-Up Boost,Station,25,2,"116,600",,,"116,300",,,,,,,,,250,,,50,,,,,,,,,,,,,
Tier-Up Boost,Station,27,3,"261,560",,,"261,100",,,,,,,,,380,,,80,,,,,,,,,,,,,
Tier-Up Boost,Station,,4,-,,,,,,,,,,,,,,,,,,,,,,,,,,,,
Tier-Up Boost,Station,,5,-,,,,,,,,,,,,,,,,,,,,,,,,,,,,
Tier-Up Boost,Station,,6,-,,,,,,,,,,,,,,,,,,,,,,,,,,,,
Tier-Up Boost,Station,,7,-,,,,,,,,,,,,,,,,,,,,,,,,,,,,
Tier-Up Boost,Station,,8,-,,,,,,,,,,,,,,,,,,,,,,,,,,,,
Tier-Up Boost,Station,,9,-,,,,,,,,,,,,,,,,,,,,,,,,,,,,
Tier-Up Boost,Station,,10,-,,,,,,,,,,,,,,,,,,,,,,,,,,,,
Tritanium Accelerator,Station,28,1,"879,990","720,300",,"159,200",,,,,,,,,400,,,90,,,,,,,,,,,,,
Tritanium Accelerator,Station,,2,-,,,,,,,,,,,,,,,,,,,,,,,,,,,,
Tritanium Accelerator,Station,,3,-,,,,,,,,,,,,,,,,,,,,,,,,,,,,
Tritanium Accelerator,Station,,4,-,,,,,,,,,,,,,,,,,,,,,,,,,,,,
Tritanium Accelerator,Station,,5,-,,,,,,,,,,,,,,,,,,,,,,,,,,,,
Tritanium Accelerator,Station,,6,-,,,,,,,,,,,,,,,,,,,,,,,,,,,,
Tritanium Accelerator,Station,,7,-,,,,,,,,,,,,,,,,,,,,,,,,,,,,
Tritanium Accelerator,Station,,8,-,,,,,,,,,,,,,,,,,,,,,,,,,,,,
Tritanium Accelerator,Station,,9,-,,,,,,,,,,,,,,,,,,,,,,,,,,,,
Tritanium Accelerator,Station,,10,-,,,,,,,,,,,,,,,,,,,,,,,,,,,,
Tritanium Fushion,Station,7,1,373,325,,48,,,,,,,,,,,,,,,,,,,,,,,,,
Tritanium Fushion,Station,9,2,578,495,,83,,,,,,,,,,,,,,,,,,,,,,,,,
Tritanium Fushion,Station,10,3,851,719,,132,,,,,,,,,,,,,,,,,,,,,,,,,
Tritanium Fushion,Station,12,4,"1,600","1,310",,290,,,,,,,,,,,,,,,,,,,,,,,,,
Tritanium Fushion,Station,13,5,"2,347","1,927",,420,,,,,,,,,,,,,,,,,,,,,,,,,
Tritanium Holding,Station,30,1,-,,,,,,,,,,,,,,,,,,,,,,,,,,,,
Tritanium Holding,Station,,2,-,,,,,,,,,,,,,,,,,,,,,,,,,,,,
Tritanium Holding,Station,,3,-,,,,,,,,,,,,,,,,,,,,,,,,,,,,
Tritanium Holding,Station,,4,-,,,,,,,,,,,,,,,,,,,,,,,,,,,,
Tritanium Holding,Station,,5,-,,,,,,,,,,,,,,,,,,,,,,,,,,,,
Tritanium Holding,Station,,6,-,,,,,,,,,,,,,,,,,,,,,,,,,,,,
Tritanium Holding,Station,,7,-,,,,,,,,,,,,,,,,,,,,,,,,,,,,
Tritanium Holding,Station,,8,-,,,,,,,,,,,,,,,,,,,,,,,,,,,,
Tritanium Holding,Station,,9,-,,,,,,,,,,,,,,,,,,,,,,,,,,,,
Tritanium Holding,Station,,10,-,,,,,,,,,,,,,,,,,,,,,,,,,,,,
Tritanium Safeguard,Station,14,1,"9,581","8,092",,"1,489",,,,,,,,,,,,,,,,,,,,,,,,,
Tritanium Safeguard,Station,17,2,"11,144","9,412",,"1,732",,,,,,,,,,,,,,,,,,,,,,,,,
Tritanium Safeguard,Station,19,3,"35,910","30,300",,"5,610",,,,,,,,,,,,,,,,,,,,,,,,,
Tritanium Safeguard,Station,20,4,-,,,,,,,,,,,,,,,,,,,,,,,,,,,,
Tritanium Safeguard,Station,21,5,"80,600","68,100",,"12,500",,,,,,,,,,,,,,,,,,,,,,,,,
Tritanium Safeguard,Station,23,6,"125,200","105,800",,"19,400",,,,,,,,,,,,,,,,,,,,,,,,,
Tritanium Safeguard,Station,24,7,-,,,,,,,,,,,,,,,,,,,,,,,,,,,,
Tritanium Safeguard,Station,25,8,"498,400","420,900",,"77,500",,,,,,,,,,,,,,,,,,,,,,,,,
Tritanium Security,Station,32,1,-,,,,,,,,,,,,,,,,,,,,,,,,,,,,
Tritanium Security,Station,,2,-,,,,,,,,,,,,,,,,,,,,,,,,,,,,
Tritanium Security,Station,,3,-,,,,,,,,,,,,,,,,,,,,,,,,,,,,
Tritanium Security,Station,,4,-,,,,,,,,,,,,,,,,,,,,,,,,,,,,
Tritanium Security,Station,,5,-,,,,,,,,,,,,,,,,,,,,,,,,,,,,
Tritanium Security,Station,,6,-,,,,,,,,,,,,,,,,,,,,,,,,,,,,
Tritanium Security,Station,,7,-,,,,,,,,,,,,,,,,,,,,,,,,,,,,
Tritanium Security,Station,,8,-,,,,,,,,,,,,,,,,,,,,,,,,,,,,
Tritanium Security,Station,,9,-,,,,,,,,,,,,,,,,,,,,,,,,,,,,
Tritanium Security,Station,,10,-,,,,,,,,,,,,,,,,,,,,,,,,,,,,
Tritanium Stockpile,Station,31,1,-,,,,,,,,,,,,,,,,,,,,,,,,,,,,
Tritanium Stockpile,Station,,2,-,,,,,,,,,,,,,,,,,,,,,,,,,,,,
Tritanium Stockpile,Station,,3,-,,,,,,,,,,,,,,,,,,,,,,,,,,,,
Tritanium Stockpile,Station,,4,-,,,,,,,,,,,,,,,,,,,,,,,,,,,,
Tritanium Stockpile,Station,,5,-,,,,,,,,,,,,,,,,,,,,,,,,,,,,
Tritanium Stockpile,Station,,6,-,,,,,,,,,,,,,,,,,,,,,,,,,,,,
Tritanium Stockpile,Station,,7,-,,,,,,,,,,,,,,,,,,,,,,,,,,,,
Tritanium Stockpile,Station,,8,-,,,,,,,,,,,,,,,,,,,,,,,,,,,,
Tritanium Stockpile,Station,,9,-,,,,,,,,,,,,,,,,,,,,,,,,,,,,
Tritanium Stockpile,Station,,10,-,,,,,,,,,,,,,,,,,,,,,,,,,,,,
Tritanium Storage,Station,7,1,373,325,,48,,,,,,,,,,,,,,,,,,,,,,,,,
Tritanium Storage,Station,9,2,935,820,,115,,,,,,,,,,,,,,,,,,,,,,,,,
Tritanium Storage,Station,10,3,"1,237","1,070",,167,,,,,,,,,,,,,,,,,,,,,,,,,
Tritanium Storage,Station,12,4,"2,363","1,996",,367,,,,,,,,,,,,,,,,,,,,,,,,,
Tritanium Storage,Station,12,5,"3,409","2,882",,527,,,,,,,,,,,,,,,,,,,,,,,,,
Unlock Astronautics,Station,9,Max,"1,660","1,360",,300,,,,,,,,,,,,,,,,,,,,,,,,,
Unlock Envoy,Station,16,Max,"6,848",,"2,318","4,380",,150,,,,,,,,,,,,,,,,,,,,,,,
Unlock Fortunate,Station,,Max,610,,360,250,,,,,,,,,,,,,,,,,,,,,,,,,
Unlock Foundry,Station,23,Max,"273,250","211,200",,"62,000",,,,,,,,50,,,,,,,,,,,,,,,,,
Unlock Horizon,Station,26,Max,"508,505",,"145,000","362,500",,,,,,,,800,,,205,,,,,,,,,,,,,,
Unlock Kehra,Combat,20,Max,"36,800",,"12,800","24,000",,,,,,,,,,,,,,,,,,,,,,,,,
Unlock Kumari,Combat,24,Max,"79,002",,"78,400",147,,,,,,,375,,,80,,,,,,,,,,,,,,,
Unlock Orion Corvette,Combat,5,Max,105,,80,25,,,,,,,,,,,,,,,,,,,,,,,,,
Unlock Phindra,Combat,10,Max,"1,384",,714,670,,,,,,,,,,,,,,,,,,,,,,,,,
Unlock Refinery,Station,10,Max,"2,276","1,830",,446,,,,,,,,,,,,,,,,,,,,,,,,,
Unlock Science Labs,Station,23,Max,"273,250","211,200",,"62,000",,,,,,,,,50,,,,,,,,,,,,,,,,
Unlock Ship Hanger,Station,18,Max,"35,926","25,400",,"7,451",,"3,000",,,75,,,,,,,,,,,,,,,,,,,,
Unlock Talla,Combat,14,Max,"4,713",,"1,660","3,053",,,,,,,,,,,,,,,,,,,,,,,,,
Unlock Technology Labs,Station,23,Max,"273,250","211,200",,"62,000",,,,,,,50,,,,,,,,,,,,,,,,,,
Unlock Turas,Combat,13,Max,"2,504",,"1,032","1,472",,,,,,,,,,,,,,,,,,,,,,,,,
Unlock Vahklas,Combat,22,Max,"91,000",,"31,600","59,300",,,,,,,,,100,,,,,,,,,,,,,,,,
Unlock Vault,Station,,Max,"16,969","13,100",,"3,869",,,,,,,,,,,,,,,,,,,,,,,,,
Valor of Starfleet,Combat,29,1,-,,,,,,,,,,,,,,,,,,,,,,,,,,,,
Valor of Starfleet,Combat,50,2,-,,,,,,,,,,,,,,,,,,,,,,,,,,,,
Valor of Starfleet,Combat,50,3,-,,,,,,,,,,,,,,,,,,,,,,,,,,,,
Valor of Starfleet,Combat,50,4,-,,,,,,,,,,,,,,,,,,,,,,,,,,,,
Valor of Starfleet,Combat,50,5,-,,,,,,,,,,,,,,,,,,,,,,,,,,,,
Valor of Starfleet,Combat,50,6,-,,,,,,,,,,,,,,,,,,,,,,,,,,,,
Valor of Starfleet,Combat,50,7,-,,,,,,,,,,,,,,,,,,,,,,,,,,,,
Valor of Starfleet,Combat,50,8,-,,,,,,,,,,,,,,,,,,,,,,,,,,,,
Valor of Starfleet,Combat,50,9,-,,,,,,,,,,,,,,,,,,,,,,,,,,,,
Valor of Starfleet,Combat,50,10,-,,,,,,,,,,,,,,,,,,,,,,,,,,,,
